material_id,chem_formula,R$_0$,B,Tb_chemenv,num_Tb_chemenvs,Tb_wyckoff,num_Tb_wyckoff_pos,csm,distortion degree,mean csm,formula_anonymous,num_Tb_sites,num_CN_env,num_charge_states,TbX_coordn,TbO_coordn,mean_coordn_Tb-X,min_coordn_Tb-X,max_coordn_Tb-X,mean_coordn_Tb-O,min_coordn_Tb-O,max_coordn_Tb-O,mean_Tb_charge,min_Tb_charge,max_Tb_charge,mean_num_X_species,min_num_X_species,max_num_X_species,species,elements,calculation type,chemsys,e_hull,e_f,band gap,nelements,crystal,point group,space group,type,Alkali Metals,Alkaline Earth Metals,Transition Metals,Unknown Metals,Post-Transition Metals,Metalloids,Nonmetals,Halogens,Noble Gases,Lanthanides,Actinides,B_range,ranges of B,mean_TbO_BondL
mp-1079758,TbHO2,2.062545788450112,0.3638594008461184,Square-face capped trigonal prism,1,2e,1,[2.532489906898414],0.0,2.532489906898414,ABC2,1,1,1,[7.0],[7.0],7.0,7.0,7.0,7.0,7.0,7.0,3.0,3.0,3.0,1.0,1,1,O2-,"Lanthanides, Nonmetals",r2SCAN,H-O-Tb,0.0,-2.8942172521875,3.9499,3,Monoclinic,2/m,P2_1/m,oxide,,,,,,,"H, O",,,Tb,,"B $\in$ [0.1, 0.5]",Positive B,2.3479544058834585
mp-10966,Tb2Cu(GeO3)4,1.968733302232504,0.4590304262304213,Pentagonal bipyramid,1,2i,1,[3.711260142775209],0.0,3.711260142775209,AB2C4D12,1,1,1,[7.0],[7.0],7.0,7.0,7.0,7.0,7.0,7.0,3.0,3.0,3.0,1.0,1,1,O2-,"Lanthanides, Metalloids, Nonmetals, Transition Metals",GGA,Cu-Ge-O-Tb,0.005198319780701,-2.322455193640343,0.7162000000000001,4,Triclinic,-1,P-1,oxide,,,Cu,,,Ge,"C, O",,,Tb,,"B $\in$ [0.1, 0.5]",Positive B,2.3587005174794307
mp-1101314,Tb3TaO7,2.201358167857521,0.1944204567324099,"Cube, Pentagonal bipyramid",2,"4c, 2a",2,"[3.4583675708066712, 1.641989421919499]",0.0,2.550178496363085,AB3C7,2,2,1,"[6.0, 7.0]","[6.0, 7.0]",6.5,6.0,7.0,6.5,6.0,7.0,3.0,3.0,3.0,1.0,1,1,O2-,"Lanthanides, Nonmetals, Transition Metals",r2SCAN,O-Ta-Tb,0.0,-3.747132649757576,3.4485,3,Orthorhombic,222,C222_1,oxide,,,Ta,,,,O,,,Tb,,"B $\in$ [0.1, 0.5]",Positive B,2.343245481025016
mp-1101372,TbTa3O9,2.445042200785198,0.1920660671493119,Cuboctahedron,1,2i,1,[0.279700286890021],0.0,0.279700286890021,AB3C9,1,1,1,[12.0],[12.0],12.0,12.0,12.0,12.0,12.0,12.0,3.0,3.0,3.0,1.0,1,1,O2-,"Lanthanides, Nonmetals, Transition Metals",GGA,O-Ta-Tb,0.044511089615394,-3.275028497076936,2.2515,3,Monoclinic,2/m,C2/m,oxide,,,Ta,,,,O,,,Tb,,"B $\in$ [0.1, 0.5]",Positive B,2.6511108098230234
mp-1103802,TbWClO4,1.5407858414939573,0.9173231453597191,Dodecahedron with triangular faces - p2345 plane normalized,1,2i,1,[0.892407209196293],0.0,0.892407209196293,ABCD4,1,1,1,[8.0],[6.0],8.0,8.0,8.0,6.0,6.0,6.0,3.0,3.0,3.0,2.0,2,2,"Cl-, O2-","Halogens, Lanthanides, Nonmetals, Transition Metals",GGA_U,Cl-O-Tb-W,0.023591226011912,-2.756658521666666,3.4255,4,Monoclinic,2/m,C2/m,perchlorate,,,W,,,,"C, O",Cl,,Tb,,"B $\in$ [0.5, 1]",Positive B,2.441029556392814
mp-1104046,Tb3Se2NO,2.1926811368352603,0.1681852284143106,"Face-capped octahedron, Octahedron, Square pyramid",3,2i,1,"[2.111609736884308, 7.578662169832316, 0.882047658863744]",0.333,3.524106521860123,ABC2D3,3,3,1,"[6.0, 7.0, 6.0]","[2.0, 2.0, 0]",6.333333333333333,6.0,7.0,2.0,0.0,2.0,3.0,3.0,3.0,2.6666666666666665,2,3,"N3-, Se2-, O2-","Lanthanides, Nonmetals",GGA,N-O-Se-Tb,0.004934194285713,-2.561791932098213,2.0437,4,Monoclinic,2/m,C2/m,oxide,,,,,,,"N, O, S, Se",,,Tb,,"B $\in$ [0.1, 0.5]",Positive B,2.3029381311592907
mp-1105460,Tb5(MoO6)2,2.25162970283555,0.1144461845549923,"Square-face capped trigonal prism, Octahedron",2,"2i, 1c",2,"[3.048480790431531, 3.635984735414791, 0.9031859332912721]",0.0,2.529217153045865,A2B5C12,2,2,2,"[7.0, 6.0]","[7.0, 6.0]",6.5,6.0,7.0,6.5,6.0,7.0,3.5,3.0,4.0,1.0,1,1,O2-,"Lanthanides, Nonmetals, Transition Metals",r2SCAN,Mo-O-Tb,0.002599069539458,-3.326075127543858,0.0,3,Monoclinic,2/m,C2/m,oxide,,,Mo,,,,O,,,Tb,,"B $\in$ [0.1, 0.5]",Positive B,2.3199798800380744
mp-11112,Tb(BO2)3,2.3779447530154747,0.0126861171151423,Dodecahedron with triangular faces - p2345 plane normalized,1,2a,1,[2.108326770372036],0.0,2.108326770372036,AB3C6,1,1,1,[8.0],[8.0],8.0,8.0,8.0,8.0,8.0,8.0,3.0,3.0,3.0,1.0,1,1,O2-,"Lanthanides, Metalloids, Nonmetals",r2SCAN,B-O-Tb,0.036108303249999,-3.161162693416665,5.0742,3,Orthorhombic,mmm,Ibam,metaborate,,,,,,B,O,,,Tb,,"B $\in$ [-0.1, 0.1]",B $\approx$ 0,2.3906480422877343
mp-1173706,Na3TbTi2Nb2O12,3.0109246776409955,-0.5887695846165792,Square-face bicapped trigonal prism,1,2a,1,[2.51870897850886],0.0,2.51870897850886,AB2C2D3E12,1,1,1,[8.0],[8.0],8.0,8.0,8.0,8.0,8.0,8.0,3.0,3.0,3.0,1.0,1,1,O2-,"Alkali Metals, Lanthanides, Nonmetals, Transition Metals",GGA,Na-Nb-O-Tb-Ti,0.007926523416649,-3.138747965873563,2.5137,5,Orthorhombic,mm2,Pmc2_1,oxide,Na,,"Ti, Nb",,,,"N, O",,,Tb,,"B $\in$ [-1, -0.1]",Negative B,2.42969658177877
mp-1190385,Tb2CoTe2(SO7)2,2.258413919098633,0.146228923294683,Dodecahedron with triangular faces - p2345 plane normalized,1,2i,1,[2.7070132360842623],0.0,2.7070132360842623,AB2C2D2E14,1,1,1,[8.0],[8.0],8.0,8.0,8.0,8.0,8.0,8.0,3.0,3.0,3.0,1.0,1,1,O2-,"Lanthanides, Metalloids, Nonmetals, Transition Metals",r2SCAN,Co-O-S-Tb-Te,0.0,-2.339155171984126,3.0646,5,Triclinic,-1,P-1,oxide,,,Co,,,Te,"C, O, S",,,Tb,,"B $\in$ [0.1, 0.5]",Positive B,2.3903288472704523
mp-1190474,Tb2CuTe2(SO7)2,2.172031223034981,0.264742689830344,Dodecahedron with triangular faces - p2345 plane normalized,1,2i,1,[3.031926010482168],0.0,3.031926010482168,AB2C2D2E14,1,1,1,[8.0],[8.0],8.0,8.0,8.0,8.0,8.0,8.0,3.0,3.0,3.0,1.0,1,1,O2-,"Lanthanides, Metalloids, Nonmetals, Transition Metals",GGA,Cu-O-S-Tb-Te,0.004519613492066,-2.283908049126983,0.8842999999999991,5,Triclinic,-1,P-1,oxide,,,Cu,,,Te,"C, O, S",,,Tb,,"B $\in$ [0.1, 0.5]",Positive B,2.4196508148913605
mp-1190489,LaTb2RuO7,2.002646304662858,0.4106826620370915,Pentagonal bipyramid,1,4g,1,[2.065988509467387],0.0,2.065988509467387,ABC2D7,1,1,1,[7.0],[7.0],7.0,7.0,7.0,7.0,7.0,7.0,3.0,3.0,3.0,1.0,1,1,O2-,"Lanthanides, Nonmetals, Transition Metals",GGA,La-O-Ru-Tb,0.0,-3.190906396666666,0.0,4,Orthorhombic,mmm,Cmcm,oxide,,,Ru,,,,O,,,"La, Tb",,"B $\in$ [0.1, 0.5]",Positive B,2.365375693208217
mp-1190561,KTb(WO4)2,2.532760158641015,-0.0996731055224509,Dodecahedron with triangular faces - p2345 plane normalized,1,2e,1,[1.5665340688490632],0.0,1.5665340688490632,ABC2D8,1,1,1,[8.0],[8.0],8.0,8.0,8.0,8.0,8.0,8.0,3.0,3.0,3.0,1.0,1,1,O2-,"Alkali Metals, Lanthanides, Nonmetals, Transition Metals",r2SCAN,K-O-Tb-W,0.0,-2.677590083243056,3.3535,4,Monoclinic,2/m,C2/c,oxide,K,,W,,,,O,,,Tb,,"B $\in$ [-0.1, 0.1]",B $\approx$ 0,2.403544740987725
mp-1190577,TbPO4,1.0773136369319534,1.3154425955480993,Tricapped triangular prism (two square-face caps and one triangular-face cap),1,4e,1,[4.155370151915999],0.0,4.155370151915999,ABC4,1,1,1,[9.0],[9.0],9.0,9.0,9.0,9.0,9.0,9.0,3.0,3.0,3.0,1.0,1,1,O2-,"Lanthanides, Nonmetals",SCAN,O-P-Tb,0.040055719583319,-3.46021655063492,5.8918,3,Monoclinic,2/m,P2_1/c,phosphate,,,,,,,"O, P",,,Tb,,B > 1,Positive B,2.4440598232674975
mp-1191047,Tb3RuO7,1.950084565601904,0.4700537452852145,"Cube, Pentagonal bipyramid",2,"4g, 2a",2,"[0.8249863635824931, 2.308958296252391]",0.0,1.566972329917442,AB3C7,2,2,1,"[7.0, 8.0]","[7.0, 8.0]",7.5,7.0,8.0,7.5,7.0,8.0,3.0,3.0,3.0,1.0,1,1,O2-,"Lanthanides, Nonmetals, Transition Metals",r2SCAN,O-Ru-Tb,0.0,-3.17857323772727,0.0,3,Orthorhombic,mmm,Cmcm,oxide,,,Ru,,,,O,,,Tb,,"B $\in$ [0.1, 0.5]",Positive B,2.3830329941916797
mp-1191300,Tb3OsO7,1.5681971821837524,1.039791946476288,"Cube, Pentagonal bipyramid",2,"4g, 2a",2,"[0.8516514199834431, 2.300578762657556]",0.0,1.5761150913204995,AB3C7,2,2,1,"[7.0, 8.0]","[7.0, 8.0]",7.5,7.0,8.0,7.5,7.0,8.0,3.33,3.33,3.33,1.0,1,1,O2-,"Lanthanides, Nonmetals, Transition Metals",r2SCAN,O-Os-Tb,0.0,-3.068974585000001,0.0,3,Orthorhombic,mmm,Cmcm,oxide,,,Os,,,,O,,,Tb,,B > 1,Positive B,2.3891470598646523
mp-1191378,Tb3SbO7,1.9632389979383909,0.4845016540689261,"Cube, Pentagonal bipyramid",2,"4c, 2a",2,"[3.782033886434657, 1.140034878858349]",0.0,2.461034382646503,AB3C7,2,2,1,"[7.0, 8.0]","[7.0, 8.0]",7.5,7.0,8.0,7.5,7.0,8.0,3.0,3.0,3.0,1.0,1,1,O2-,"Lanthanides, Metalloids, Nonmetals",r2SCAN,O-Sb-Tb,0.0,-3.294027590909089,2.752,3,Orthorhombic,mmm,Cmcm,oxide,,,,,,Sb,"O, S",,,Tb,,"B $\in$ [0.1, 0.5]",Positive B,2.387731342332313
mp-1192492,Na5Tb4Si4O16F,4.030909755133374,-1.662928033877055,Square-face bicapped trigonal prism,1,4g,1,[1.646703740266155],0.0,1.646703740266155,AB4C4D5E16,1,1,1,[8.0],[7.0],8.0,8.0,8.0,7.0,7.0,7.0,3.0,3.0,3.0,2.0,2,2,"F-, O2-","Alkali Metals, Halogens, Lanthanides, Metalloids, Nonmetals",GGA,F-Na-O-Si-Tb,0.0,-3.316587696952107,4.7059000000000015,5,Tetragonal,-4,I-4,fluoride,Na,,,,,Si,"N, O, S",F,,Tb,,B < -1,Negative B,2.3956846084449572
mp-1192573,TbWBrO4,1.9153835496393936,0.4582828098819106,"Dodecahedron with triangular faces - p2345 plane normalized, Square-face capped trigonal prism",2,2i,1,"[1.554443098117868, 2.7292107348226162]",0.0,2.141826916470242,ABCD4,2,2,1,"[8.0, 7.0]","[5.0, 6.0]",7.5,7.0,8.0,5.5,5.0,6.0,3.0,3.0,3.0,2.0,2,2,"Br-, O2-","Halogens, Lanthanides, Metalloids, Nonmetals, Transition Metals",GGA_U,Br-O-Tb-W,0.039040852916672,-2.66703991095238,2.6473,4,Triclinic,-1,P-1,perbromate,,,W,,,B,O,Br,,Tb,,"B $\in$ [0.1, 0.5]",Positive B,2.394323595836417
mp-1193942,NaTb(SiO3)2,2.012322545455909,0.3977115839846476,Octahedron,1,"1g, 2i",2,"[1.259339690227279, 2.812305414788243]",0.0,2.035822552507761,ABC2D6,1,1,1,[6.0],[6.0],6.0,6.0,6.0,6.0,6.0,6.0,3.0,3.0,3.0,1.0,1,1,O2-,"Alkali Metals, Lanthanides, Metalloids, Nonmetals",r2SCAN,Na-O-Si-Tb,0.0,-3.181067695666667,4.3118,4,Triclinic,-1,P-1,oxide,Na,,,,,Si,"N, O, S",,,Tb,,"B $\in$ [0.1, 0.5]",Positive B,2.29154082230362
mp-1194662,K3TbGe3(HO5)2,2.154688817689199,0.1849489369633846,Octahedron,1,4c,1,[0.22952601613335402],0.0,0.22952601613335402,AB2C3D3E10,1,1,1,[6.0],[6.0],6.0,6.0,6.0,6.0,6.0,6.0,3.0,3.0,3.0,1.0,1,1,O2-,"Alkali Metals, Lanthanides, Metalloids, Nonmetals",GGA,Ge-H-K-O-Tb,0.0,-2.304897230969298,3.9615,5,Orthorhombic,mmm,Pnma,oxide,K,,,,,Ge,"H, O",,,Tb,,"B $\in$ [0.1, 0.5]",Positive B,2.2913300049927385
mp-1194953,TbH(CO2)3,2.2393521388041138,0.2095455377855007,no_data,1,no_data,1,no_data,0.0,no_data,ABC3D6,1,1,1,[9.0],[9.0],9.0,9.0,9.0,9.0,9.0,9.0,3.0,3.0,3.0,1.0,1,1,O2-,"Lanthanides, Nonmetals",GGA,C-H-O-Tb,0.0,-2.055339845492425,3.3288,4,Orthorhombic,mmm,Pnma,oxide,,,,,,,"H, C, O",,,Tb,,"B $\in$ [0.1, 0.5]",Positive B,2.4541653523515183
mp-1195153,Tb2CuH4(SO6)2,2.339824973918369,0.1118908029858896,Tricapped triangular prism (three square-face caps),1,4e,1,[2.461628497318718],0.0,2.461628497318718,AB2C2D4E12,1,1,1,[9.0],[9.0],9.0,9.0,9.0,9.0,9.0,9.0,3.0,3.0,3.0,1.0,1,1,O2-,"Lanthanides, Nonmetals, Transition Metals",GGA,Cu-H-O-S-Tb,0.010378677738092,-2.199153788968253,0.6404000000000001,5,Monoclinic,2/m,P2_1/c,oxide,,,Cu,,,,"H, C, O, S",,,Tb,,"B $\in$ [0.1, 0.5]",Positive B,2.4517888800555094
mp-1195159,Tb2SeOF2,2.209762005766982,0.0820760699460729,"Square-face bicapped trigonal prism, Square-face monocapped antiprism",2,6h,1,"[1.349577868333375, 3.098970239164849]",0.0,2.224274053749112,ABC2D2,2,2,1,"[9.0, 8.0]","[1.0, 3.0]",8.5,8.0,9.0,2.0,1.0,3.0,3.0,3.0,3.0,3.0,3,3,"F-, Se2-, O2-","Halogens, Lanthanides, Nonmetals",r2SCAN,F-O-Se-Tb,0.0,-3.740112495668405,2.8112999999999992,4,Hexagonal,6/m,P6_3/m,fluoride,,,,,,,"O, S, Se",F,,Tb,,"B $\in$ [-0.1, 0.1]",B $\approx$ 0,2.2639060497854016
mp-1195189,TbP4HO12,2.1132007117119143,0.2299866150637626,Square-face capped trigonal prism,1,4e,1,[2.744763914984776],0.0,2.744763914984776,ABC4D12,1,1,1,[7.0],[7.0],7.0,7.0,7.0,7.0,7.0,7.0,3.0,3.0,3.0,1.0,1,1,O2-,"Lanthanides, Nonmetals",r2SCAN,H-O-P-Tb,0.0,-2.785404879249336,5.865,4,Monoclinic,2/m,P2_1/c,oxide,,,,,,,"H, O, P",,,Tb,,"B $\in$ [0.1, 0.5]",Positive B,2.3152056678424633
mp-1196473,TbSbMo2O9,2.408466578923138,-0.0118979251308251,Dodecahedron with triangular faces - p2345 plane normalized,1,2e,1,"[0.43185666061714906, 1.33885317913701]",0.0,0.8853549198770795,ABC2D9,1,1,1,[8.0],[8.0],8.0,8.0,8.0,8.0,8.0,8.0,3.0,3.0,3.0,1.0,1,1,O2-,"Lanthanides, Metalloids, Nonmetals, Transition Metals",GGA_U,Mo-O-Sb-Tb,0.015814496923137,-2.379057779551282,3.2235,4,Monoclinic,2/m,C2/c,oxide,,,Mo,,,Sb,"O, S",,,Tb,,"B $\in$ [-0.1, 0.1]",B $\approx$ 0,2.3962853018997965
mp-1197743,TbV(SeO4)2,2.4240105670414827,0.0357078987008892,"Square-face monocapped antiprism, Tricapped triangular prism (three square-face caps)",2,2e,1,"[4.616671694232871, 3.620871759246249]",0.0,4.11877172673956,ABC2D8,2,1,1,[9.0],[9.0],9.0,9.0,9.0,9.0,9.0,9.0,3.0,3.0,3.0,1.0,1,1,O2-,"Lanthanides, Nonmetals, Transition Metals",GGA_U,O-Se-Tb-V,0.000864832916667,-2.18090161094618,2.0322,4,Monoclinic,2/m,P2_1/m,oxide,,,V,,,,"O, S, Se",,,Tb,,"B $\in$ [-0.1, 0.1]",B $\approx$ 0,2.4746388698888553
mp-1197851,Tb2(MoO4)3,2.090639317436384,0.271527226128095,Square-face capped trigonal prism,1,4e,1,[2.7714957327976197],0.0,2.7714957327976197,A2B3C12,1,1,1,[7.0],[7.0],7.0,7.0,7.0,7.0,7.0,7.0,3.0,3.0,3.0,1.0,1,1,O2-,"Lanthanides, Nonmetals, Transition Metals",r2SCAN,Mo-O-Tb,0.000141394558824,-2.656798237549019,3.5679,3,Tetragonal,-42m,P-42_1m,oxide,,,Mo,,,,O,,,Tb,,"B $\in$ [0.1, 0.5]",Positive B,2.3242555010571064
mp-1198731,NaTb(SiO3)2,2.218085605812165,0.2056898396245861,Pentagonal bipyramid,1,4e,1,[1.648551145761844],0.0,1.648551145761844,ABC2D6,1,1,1,[7.0],[7.0],7.0,7.0,7.0,7.0,7.0,7.0,3.0,3.0,3.0,1.0,1,1,O2-,"Alkali Metals, Lanthanides, Metalloids, Nonmetals",SCAN,Na-O-Si-Tb,0.001424607499993,-3.179643088166675,4.701799999999999,4,Monoclinic,2/m,P2_1/c,oxide,Na,,,,,Si,"N, O, S",,,Tb,,"B $\in$ [0.1, 0.5]",Positive B,2.3461290056425077
mp-1198812,TbCu(WO4)2,2.373400529570536,0.0461346667148588,"Square antiprism, Face-capped octahedron",2,2i,1,"[3.175828445126368, 2.80093735027919, 2.649001992801614]",0.0,2.8752559294023907,ABC2D8,2,2,1,"[7.0, 8.0]","[7.0, 8.0]",7.5,7.0,8.0,7.5,7.0,8.0,3.0,3.0,3.0,1.0,1,1,O2-,"Lanthanides, Nonmetals, Transition Metals",GGA_U,Cu-O-Tb-W,0.043168135711812,-2.377088294166666,1.3653,4,Triclinic,-1,P-1,oxide,,,"Cu, W",,,,"C, O",,,Tb,,"B $\in$ [-0.1, 0.1]",B $\approx$ 0,2.420599694641222
mp-1199026,Tb4BClO7,1.9357601957648816,0.5181027194811111,"Face-capped octahedron, Square-face capped trigonal prism, Trigonal prism",3,4e,1,"[1.956081665441228, 4.982362982297648, 8.284113262533388, 2.168122377486251]",0.25,4.347670071939629,ABC4D7,3,3,1,"[7.0, 7.0, 8.0]","[5.0, 6.0, 7.0]",7.333333333333333,7.0,8.0,6.0,5.0,7.0,3.0,3.0,3.0,2.0,2,2,"Cl-, O2-","Halogens, Lanthanides, Metalloids, Nonmetals",GGA,B-Cl-O-Tb,0.0,-3.720197822371794,4.7323,4,Monoclinic,2/m,P2_1/c,hypochlorite,,,,,,B,"C, O",Cl,,Tb,,"B $\in$ [0.5, 1]",Positive B,2.3462669497173887
mp-1199480,KTbH2C2SO9,2.348040028799754,0.0493489349076605,Square-face bicapped trigonal prism,1,4e,1,[1.4085400891539661],0.0,1.4085400891539661,ABCD2E2F9,1,1,1,[8.0],[8.0],8.0,8.0,8.0,8.0,8.0,8.0,3.0,3.0,3.0,1.0,1,1,O2-,"Alkali Metals, Lanthanides, Nonmetals",GGA,C-H-K-O-S-Tb,0.03398619791903,-2.143985147432292,3.0575,6,Monoclinic,2/m,P2_1/c,oxide,K,,,,,,"H, C, O, S",,,Tb,,"B $\in$ [-0.1, 0.1]",B $\approx$ 0,2.3997743818810164
mp-1199562,Na2TbPWO8,1.9747195582006056,0.4536736772562241,Dodecahedron with triangular faces - p2345 plane normalized,1,4d,1,[0.55452155196909],0.0,0.55452155196909,ABCD2E8,1,1,1,[8.0],[8.0],8.0,8.0,8.0,8.0,8.0,8.0,3.0,3.0,3.0,1.0,1,1,O2-,"Alkali Metals, Lanthanides, Nonmetals, Transition Metals",GGA_U,Na-O-P-Tb-W,0.007943532115396,-2.8002153524283173,4.7698,5,Orthorhombic,mmm,Ibca,oxide,Na,,W,,,,"N, O, P",,,Tb,,"B $\in$ [0.1, 0.5]",Positive B,2.385645635761601
mp-1199683,TbCO4,2.3895152843758627,0.0662604904562027,Square-face monocapped antiprism,1,6l,1,"[2.282549323371598, 2.151955420130995, 2.110070854769482]",0.0,2.181525199424025,ABC4,1,2,2,"[9.0, 9.0]","[9.0, 9.0]",9.0,9.0,9.0,9.0,9.0,9.0,3.5,3.0,4.0,2.0,2,2,"O-, O2-","Lanthanides, Nonmetals",GGA,C-O-Tb,0.012830179479164,-2.531159802361111,9.9999999999989e-05,3,Hexagonal,-6,P-6,oxide,,,,,,,"C, O",,,Tb,,"B $\in$ [-0.1, 0.1]",B $\approx$ 0,2.420568461226931
mp-1200490,Tb4Al2O9,2.1174475769981767,0.3192004192757651,"Face-capped octahedron, Octahedron, Square-face capped trigonal prism",3,4e,1,"[3.246053330593775, 2.271479233892038, 3.80069763465008, 3.37383104235844]",0.0,3.173015310373583,A2B4C9,3,2,1,"[6.0, 7.0]","[6.0, 7.0]",6.5,6.0,7.0,6.5,6.0,7.0,3.0,3.0,3.0,1.0,1,1,O2-,"Lanthanides, Nonmetals, Post-Transition Metals",GGA,Al-O-Tb,0.008096631749999,-3.818433524444445,4.0883,3,Monoclinic,2/m,P2_1/c,oxide,,,,,Al,,O,,,Tb,,"B $\in$ [0.1, 0.5]",Positive B,2.365382228325513
mp-1200709,NaTb(PO3)4,2.082158724154216,0.3323670106958741,Square antiprism,1,4e,1,[0.836138966395724],0.0,0.836138966395724,ABC4D12,1,1,1,[8.0],[8.0],8.0,8.0,8.0,8.0,8.0,8.0,3.0,3.0,3.0,1.0,1,1,O2-,"Alkali Metals, Lanthanides, Nonmetals",GGA,Na-O-P-Tb,0.004915084212966,-2.905890864673188,5.8442,4,Monoclinic,2/m,P2_1/c,phosphite,Na,,,,,,"N, O, P",,,Tb,,"B $\in$ [0.1, 0.5]",Positive B,2.4100769981248744
mp-1202556,Tb(NO3)3,2.183625441567623,0.2340784633140387,Square-face bicapped square antiprism,1,4e,1,[4.267015363068728],0.0,4.267015363068728,AB3C9,1,1,1,[10.0],[10.0],10.0,10.0,10.0,10.0,10.0,10.0,3.0,3.0,3.0,1.0,1,1,O2-,"Lanthanides, Nonmetals",r2SCAN,N-O-Tb,0.0,-1.460769080128206,3.372099999999999,3,Monoclinic,2/m,P2_1/c,nitrate,,,,,,,"N, O",,,Tb,,"B $\in$ [0.1, 0.5]",Positive B,2.456762119975155
mp-1203039,TbHSO5,1.9088682700663,0.5271821712650523,Square antiprism,1,4e,1,"[1.063362698355078, 1.029587076655887]",0.0,1.0464748875054823,ABCD5,1,1,1,[8.0],[8.0],8.0,8.0,8.0,8.0,8.0,8.0,3.0,3.0,3.0,1.0,1,1,O2-,"Lanthanides, Nonmetals",GGA,H-O-S-Tb,0.0,-2.542161433489584,5.530200000000001,4,Monoclinic,2/m,P2_1/c,oxide,,,,,,,"H, O, S",,,Tb,,"B $\in$ [0.5, 1]",Positive B,2.4194682195701116
mp-1204213,Tb2Nb2S7O30,2.279889198470102,0.1522124629928374,Dodecahedron with triangular faces - p2345 plane normalized,1,4e,1,[1.628311792468118],0.0,1.628311792468118,A2B2C7D30,1,1,1,[8.0],[8.0],8.0,8.0,8.0,8.0,8.0,8.0,4.0,4.0,4.0,1.0,1,1,O2-,"Lanthanides, Nonmetals, Transition Metals",GGA,Nb-O-S-Tb,0.006929216361784,-2.26653181148374,0.1275,4,Tetragonal,-42m,P-42_1m,oxide,,,Nb,,,,"N, O, S",,,Tb,,"B $\in$ [0.1, 0.5]",Positive B,2.397419648249791
mp-1204495,Tb2Ge(BO4)2,2.428147378596546,-0.0403962777801428,Square antiprism,1,8d,1,[2.72269177361585],0.0,2.72269177361585,AB2C2D8,1,1,1,[7.0],[7.0],7.0,7.0,7.0,7.0,7.0,7.0,3.0,3.0,3.0,1.0,1,1,O2-,"Lanthanides, Metalloids, Nonmetals",r2SCAN,B-Ge-O-Tb,0.0,-3.207283677243589,4.6023,4,Orthorhombic,mmm,Pbcn,oxide,,,,,,"B, Ge",O,,,Tb,,"B $\in$ [-0.1, 0.1]",B $\approx$ 0,2.367683584182243
mp-1208319,TbTiClO3,1.8721161301040783,0.5447571396357949,Face-capped octahedron,1,2i,1,[2.846043765487375],0.0,2.846043765487375,ABCD3,1,1,1,[8.0],[4.0],8.0,8.0,8.0,4.0,4.0,4.0,3.0,3.0,3.0,2.0,2,2,"Cl-, O2-","Halogens, Lanthanides, Nonmetals, Transition Metals",GGA,Cl-O-Tb-Ti,0.0,-3.536464363333332,3.155999999999999,4,Monoclinic,2/m,C2/m,chlorate,,,Ti,,,,"C, O",Cl,,Tb,,"B $\in$ [0.5, 1]",Positive B,2.271485454594428
mp-1208360,TbTl(WO4)2,2.3168551997532205,0.004891065908372,Dodecahedron with triangular faces - p2345 plane normalized,1,2e,1,[2.031675439170635],0.0,2.031675439170635,ABC2D8,1,1,1,[6.0],[6.0],6.0,6.0,6.0,6.0,6.0,6.0,3.0,3.0,3.0,1.0,1,1,O2-,"Lanthanides, Nonmetals, Post-Transition Metals, Transition Metals",GGA_U,O-Tb-Tl-W,0.0,-2.505724759583334,2.9699,4,Monoclinic,2/m,C2/c,oxide,,,W,,Tl,,O,,,Tb,,"B $\in$ [-0.1, 0.1]",B $\approx$ 0,2.320471106182467
mp-1208364,TbAlGe2O7,2.0112130725146,0.4454863208810301,Square-face monocapped antiprism,1,4e,1,[2.958904353564628],0.0,2.958904353564628,ABC2D7,1,1,1,[9.0],[9.0],9.0,9.0,9.0,9.0,9.0,9.0,3.0,3.0,3.0,1.0,1,1,O2-,"Lanthanides, Metalloids, Nonmetals, Post-Transition Metals",GGA,Al-Ge-O-Tb,0.018986910113642,-2.87509967810606,3.679699999999999,4,Monoclinic,2/m,P2_1/c,oxide,,,,,Al,Ge,O,,,Tb,,"B $\in$ [0.1, 0.5]",Positive B,2.4863472858095035
mp-1208373,TbAg(WO4)2,2.4415121839741447,-0.0330065975556381,Square antiprism,1,2g,1,[1.2251593599572441],0.0,1.2251593599572441,ABC2D8,1,1,1,[8.0],[8.0],8.0,8.0,8.0,8.0,8.0,8.0,3.0,3.0,3.0,1.0,1,1,O2-,"Lanthanides, Nonmetals, Transition Metals",GGA_U,Ag-O-Tb-W,0.001961689114589,-2.377185793194444,3.1116,4,Monoclinic,2/m,C2/m,oxide,,,"Ag, W",,,,O,,,Tb,,"B $\in$ [-0.1, 0.1]",B $\approx$ 0,2.4065713188481053
mp-1208375,TbGaGe2O7,1.906050781760004,0.5463859580651648,Tricapped triangular prism (three square-face caps),1,4e,1,[2.865047443490663],0.0,2.865047443490663,ABC2D7,1,1,1,[9.0],[9.0],9.0,9.0,9.0,9.0,9.0,9.0,3.0,3.0,3.0,1.0,1,1,O2-,"Lanthanides, Metalloids, Nonmetals, Post-Transition Metals",GGA,Ga-Ge-O-Tb,0.006588720340909,-2.407855274204547,3.2982,4,Monoclinic,2/m,P2_1/c,oxide,,,,,Ga,Ge,O,,,Tb,,"B $\in$ [0.5, 1]",Positive B,2.493510191840742
mp-1208392,TbMg(BO2)5,1.8016016635964447,0.6062362688721575,Square-face bicapped square antiprism,1,4e,1,[4.159571163472949],0.0,4.159571163472949,ABC5D10,1,1,1,[10.0],[10.0],10.0,10.0,10.0,10.0,10.0,10.0,3.0,3.0,3.0,1.0,1,1,O2-,"Alkaline Earth Metals, Lanthanides, Metalloids, Nonmetals",GGA,B-Mg-O-Tb,0.0,-3.104089416323529,6.070600000000001,4,Monoclinic,2/m,P2_1/c,metaborate,,Mg,,,,B,O,,,Tb,,"B $\in$ [0.5, 1]",Positive B,2.535974686463073
mp-1208393,TbTl(MoO4)2,1.8292730383868008,0.5831878833247297,Square antiprism,1,4c,1,[1.034319468165956],0.0,1.034319468165956,ABC2D8,1,1,1,[8.0],[8.0],8.0,8.0,8.0,8.0,8.0,8.0,3.0,3.0,3.0,1.0,1,1,O2-,"Lanthanides, Nonmetals, Post-Transition Metals, Transition Metals",r2SCAN,Mo-O-Tb-Tl,0.0,-2.377716833958333,3.2868,4,Orthorhombic,mmm,Pbcn,oxide,,,Mo,,Tl,,O,,,Tb,,"B $\in$ [0.5, 1]",Positive B,2.3819931174460045
mp-1208421,Tb5(ReO6)2,2.220755067604457,0.178975828418355,"Square-face capped trigonal prism, Octahedron",2,"2c, 1b",2,"[2.948389890127499, 3.795200474517499, 1.071203751606688]",0.0,2.6049313720838954,A2B5C12,2,2,2,"[7.0, 6.0]","[7.0, 6.0]",6.5,6.0,7.0,6.5,6.0,7.0,3.5,3.0,4.0,1.0,1,1,O2-,"Lanthanides, Nonmetals, Transition Metals",r2SCAN,O-Re-Tb,0.0,-3.345005715701756,0.0,3,Monoclinic,2/m,C2/m,oxide,,,Re,,,,O,,,Tb,,"B $\in$ [0.1, 0.5]",Positive B,2.316035671175637
mp-1208423,TbCrGeO5,2.3774779411074283,0.1011500222422557,Square-face bicapped trigonal prism,1,4h,1,[2.654658430280895],0.0,2.654658430280895,ABCD5,1,1,1,[8.0],[8.0],8.0,8.0,8.0,8.0,8.0,8.0,3.0,3.0,3.0,1.0,1,1,O2-,"Lanthanides, Metalloids, Nonmetals, Transition Metals",GGA_U,Cr-Ge-O-Tb,0.001727817343748,-2.837656855520833,2.8032,4,Orthorhombic,mmm,Pbam,oxide,,,Cr,,,Ge,"C, O",,,Tb,,"B $\in$ [0.1, 0.5]",Positive B,2.441264651215584
mp-1208460,TbSbO4,1.89397942063428,0.5770221873328365,"Square antiprism, Square-face capped trigonal prism",2,2i,1,"[3.944121171921001, 3.755603047847295]",0.0,3.849862109884148,ABC4,2,2,1,"[7.0, 8.0]","[7.0, 8.0]",7.5,7.0,8.0,7.5,7.0,8.0,3.0,3.0,3.0,1.0,1,1,O2-,"Lanthanides, Metalloids, Nonmetals",r2SCAN,O-Sb-Tb,0.0,-2.682364567083333,2.3405,3,Triclinic,-1,P-1,oxide,,,,,,Sb,"O, S",,,Tb,,"B $\in$ [0.5, 1]",Positive B,2.3870677295914122
mp-1208503,Tb3Sb5O12,2.0267193861971107,0.3615600364887371,Cube,1,6d,1,[3.205268684934487],0.0,3.205268684934487,A3B5C12,1,1,1,[8.0],[8.0],8.0,8.0,8.0,8.0,8.0,8.0,3.0,3.0,3.0,1.0,1,1,O2-,"Lanthanides, Metalloids, Nonmetals",r2SCAN,O-Sb-Tb,0.0,-2.462326547500001,3.1414,3,Cubic,-43m,I-43m,oxide,,,,,,Sb,"O, S",,,Tb,,"B $\in$ [0.1, 0.5]",Positive B,2.421133306199059
mp-1208513,Tb2Be2GeO7,2.053991934963958,0.4178696367265505,Square antiprism,1,4e,1,[1.244330534510498],0.0,1.244330534510498,AB2C2D7,1,1,1,[8.0],[8.0],8.0,8.0,8.0,8.0,8.0,8.0,3.0,3.0,3.0,1.0,1,1,O2-,"Alkaline Earth Metals, Lanthanides, Metalloids, Nonmetals",GGA,Be-Ge-O-Tb,0.0,-3.284900051944444,4.4749,4,Tetragonal,-42m,P-42_1m,oxide,,Be,,,,"B, Ge",O,,,Tb,,"B $\in$ [0.1, 0.5]",Positive B,2.440946054616396
mp-1208515,Tb2Be2SiO7,1.8446152126633115,0.6388865870131367,Square antiprism,1,4e,1,[1.237342432376195],0.0,1.237342432376195,AB2C2D7,1,1,1,[8.0],[8.0],8.0,8.0,8.0,8.0,8.0,8.0,3.0,3.0,3.0,1.0,1,1,O2-,"Alkaline Earth Metals, Lanthanides, Metalloids, Nonmetals",GGA,Be-O-Si-Tb,0.0,-3.5810270248611102,5.1182,4,Tetragonal,-42m,P-42_1m,oxide,,Be,,,,"B, Si","O, S",,,Tb,,"B $\in$ [0.5, 1]",Positive B,2.4366940661295478
mp-1208518,Tb2SiO5,2.010525203917821,0.4680237185375009,"Face-capped octahedron, Tricapped triangular prism (two square-face caps and one triangular-face cap)",2,4e,1,"[4.700864039382216, 3.485764135344161]",0.0,4.093314087363188,AB2C5,2,2,1,"[7.0, 8.0]","[7.0, 8.0]",7.5,7.0,8.0,7.5,7.0,8.0,3.0,3.0,3.0,1.0,1,1,O2-,"Lanthanides, Metalloids, Nonmetals",r2SCAN,O-Si-Tb,0.0,-3.681878261562502,4.847,3,Monoclinic,2/m,P2_1/c,oxide,,,,,,Si,"O, S",,,Tb,,"B $\in$ [0.1, 0.5]",Positive B,2.3885725399683158
mp-1208534,Tb2MgTiO6,0.7871749960261236,1.884342359928293,Square-face bicapped trigonal prism,1,4e,1,[1.882397475066172],0.0,1.882397475066172,ABC2D6,1,1,1,[8.0],[8.0],8.0,8.0,8.0,8.0,8.0,8.0,3.0,3.0,3.0,1.0,1,1,O2-,"Alkaline Earth Metals, Lanthanides, Nonmetals, Transition Metals",GGA,Mg-O-Tb-Ti,0.015622493,-3.694526558666666,3.2311,4,Monoclinic,2/m,P2_1/c,oxide,,Mg,Ti,,,,O,,,Tb,,B > 1,Positive B,2.467485930647733
mp-1208539,Tb2Cu(GeO4)2,1.8918060043812008,0.5560913152448598,Square antiprism,1,2b,1,"[2.115473769783987, 1.813320910628014]",0.0,1.9643973402060004,AB2C2D8,1,1,1,[8.0],[8.0],8.0,8.0,8.0,8.0,8.0,8.0,3.0,3.0,3.0,1.0,1,1,O2-,"Lanthanides, Metalloids, Nonmetals, Transition Metals",GGA,Cu-Ge-O-Tb,0.01840731173077,-2.532120668653846,0.0,4,Monoclinic,m,Cm,oxide,,,Cu,,,Ge,"C, O",,,Tb,,"B $\in$ [0.5, 1]",Positive B,2.4498559171120764
mp-1208543,Tb2CoPtO6,0.7755809240171715,1.8895683146721125,Square-face bicapped trigonal prism,1,4e,1,[1.40502806557955],0.0,1.40502806557955,ABC2D6,1,1,1,[8.0],[8.0],8.0,8.0,8.0,8.0,8.0,8.0,3.0,3.0,3.0,1.0,1,1,O2-,"Lanthanides, Nonmetals, Transition Metals",GGA_U,Co-O-Pt-Tb,0.026508542687499,-2.570667225333333,0.0,4,Monoclinic,2/m,P2_1/c,oxide,,,"Co, Pt",,,,"C, O, P",,,Tb,,B > 1,Positive B,2.4608840499021447
mp-1208687,Tb3PO7,1.913363980792736,0.559190256851448,"Square antiprism, Square-face capped trigonal prism, Trigonal prism",3,2b,1,"[1.621304625536964, 1.540754861497191, 2.3909240305907042, 2.901153223598101, 2.251933082982387, 2.28811356286522, 3.104914902123537, 2.5171480762768113, 1.437657488767009]",0.0,2.2282115393597692,AB3C7,3,3,1,"[6.0, 7.0, 8.0]","[6.0, 7.0, 8.0]",7.0,6.0,8.0,7.0,6.0,8.0,3.0,3.0,3.0,1.0,1,1,O2-,"Lanthanides, Nonmetals",GGA,O-P-Tb,0.0,-3.723364369361473,4.525600000000001,3,Monoclinic,m,Cm,oxide,,,,,,,"O, P",,,Tb,,"B $\in$ [0.5, 1]",Positive B,2.3675950001591843
mp-1208709,Tb2B4O9,2.1003100550113065,0.3564870374003103,"Square antiprism, Square-face monocapped antiprism, Tricapped triangular prism (three square-face caps), Bicapped square prism (adjacent faces)",4,4f,1,"[3.223128922731702, 2.912645387997157, 4.056187014390034, 3.293461471327052, 5.097908589780195]",0.2,3.7166662772452286,A2B4C9,4,3,1,"[10.0, 8.0, 9.0]","[10.0, 8.0, 9.0]",9.0,8.0,10.0,9.0,8.0,10.0,3.0,3.0,3.0,1.0,1,1,O2-,"Lanthanides, Metalloids, Nonmetals",GGA,B-O-Tb,0.010921250033332,-3.276189129466666,5.514400000000001,3,Monoclinic,2/m,C2/c,oxide,,,,,,B,O,,,Tb,,"B $\in$ [0.1, 0.5]",Positive B,2.490674629605745
mp-1208737,Tb2Hf2(MoO4)7,2.0008349638564527,0.3911093388853415,Square-face bicapped trigonal prism,1,4f,1,[0.978430420092476],0.0,0.978430420092476,A2B2C7D28,1,1,1,[8.0],[8.0],8.0,8.0,8.0,8.0,8.0,8.0,3.0,3.0,3.0,1.0,1,1,O2-,"Lanthanides, Nonmetals, Transition Metals",GGA_U,Hf-Mo-O-Tb,0.0,-2.587879192521367,3.2106,4,Monoclinic,2/m,C2/c,oxide,,,"Mo, Hf",,,,"H, O",,,Tb,,"B $\in$ [0.1, 0.5]",Positive B,2.386320187413028
mp-1208756,Sr2TbTaO6,2.271793159684605,0.0096985264037385,Octahedron,1,2d,1,[0.06205385735705601],0.0,0.06205385735705601,ABC2D6,1,1,1,[6.0],[6.0],6.0,6.0,6.0,6.0,6.0,6.0,3.0,3.0,3.0,1.0,1,1,O2-,"Alkaline Earth Metals, Lanthanides, Nonmetals, Transition Metals",GGA,O-Sr-Ta-Tb,0.0,-3.590514610899999,3.8367,4,Monoclinic,2/m,P2_1/c,oxide,,Sr,Ta,,,,"O, S",,,Tb,,"B $\in$ [-0.1, 0.1]",B $\approx$ 0,2.278530686810578
mp-1209099,RbTb(MoO4)2,2.6130349466258864,-0.1923749928296196,Dodecahedron with triangular faces - p2345 plane normalized,1,2e,1,[1.478749736831666],0.0,1.478749736831666,ABC2D8,1,1,1,[8.0],[8.0],8.0,8.0,8.0,8.0,8.0,8.0,3.0,3.0,3.0,1.0,1,1,O2-,"Alkali Metals, Lanthanides, Nonmetals, Transition Metals",r2SCAN,Mo-O-Rb-Tb,0.0,-2.524449953680555,3.183,4,Monoclinic,2/m,C2/c,oxide,Rb,,Mo,,,,O,,,Tb,,"B $\in$ [-1, -0.1]",Negative B,2.4068421682097485
mp-1209144,RbTb(WO4)2,2.3190669536639463,0.0020730493789215,Dodecahedron with triangular faces - p2345 plane normalized,1,2e,1,[2.182903883924893],0.0,2.182903883924893,ABC2D8,1,1,1,[6.0],[6.0],6.0,6.0,6.0,6.0,6.0,6.0,3.0,3.0,3.0,1.0,1,1,O2-,"Alkali Metals, Lanthanides, Nonmetals, Transition Metals",GGA_U,O-Rb-Tb-W,0.0,-2.6708504561805557,3.4143,4,Monoclinic,2/m,C2/c,oxide,Rb,,W,,,,O,,,Tb,,"B $\in$ [-0.1, 0.1]",B $\approx$ 0,2.320601021780791
mp-1209260,RbTbP2O7,1.9815866457579407,0.4143587196868333,Octahedron,1,4e,1,[0.334453563337819],0.0,0.334453563337819,ABC2D7,1,1,1,[6.0],[6.0],6.0,6.0,6.0,6.0,6.0,6.0,3.0,3.0,3.0,1.0,1,1,O2-,"Alkali Metals, Lanthanides, Nonmetals",GGA,O-P-Rb-Tb,0.0,-3.139545298722943,4.9608,4,Monoclinic,2/m,P2_1/c,oxide,Rb,,,,,,"O, P",,,Tb,,"B $\in$ [0.1, 0.5]",Positive B,2.2691101358944548
mp-1209532,Sr3Tb2(BO3)4,1.9835105243378488,0.4901283854412351,"Dodecahedron with triangular faces - p2345 plane normalized, Pentagonal bipyramid",2,4a,1,"[5.508710274920378, 3.296799048842785]",0.5,4.402754661881581,A2B3C4D12,2,2,1,"[7.0, 8.0]","[7.0, 8.0]",7.5,7.0,8.0,7.5,7.0,8.0,3.0,3.0,3.0,1.0,1,1,O2-,"Alkaline Earth Metals, Lanthanides, Metalloids, Nonmetals",GGA,B-O-Sr-Tb,0.0,-3.365952749523809,4.525600000000001,4,Orthorhombic,mm2,Pna2_1,orthoborate,,Sr,,,,B,"O, S",,,Tb,,"B $\in$ [0.1, 0.5]",Positive B,2.430051419327349
mp-1210223,Na4Tb2(IrO4)3,1.1280185760999368,1.656999672575601,Tricapped triangular prism (three square-face caps),1,2d,1,[0.85357779456199],0.0,0.85357779456199,A2B3C4D12,1,1,1,[9.0],[9.0],9.0,9.0,9.0,9.0,9.0,9.0,4.0,4.0,4.0,1.0,1,1,O2-,"Alkali Metals, Halogens, Lanthanides, Nonmetals, Transition Metals",GGA,Ir-Na-O-Tb,0.0,-2.105858693754789,0.0,4,Hexagonal,-6m2,P-62m,oxide,Na,,Ir,,,,"N, O",I,,Tb,,B > 1,Positive B,2.4835591089729148
mp-1210894,Na3TbV2O8,2.2628653416489155,0.1629399931064497,"Square-face bicapped trigonal prism, Square-face capped trigonal prism",2,2a,1,"[2.559563817822575, 2.93046270032402, 2.466063939278249]",0.0,2.6520301524749477,AB2C3D8,2,2,1,"[6.0, 8.0]","[6.0, 8.0]",7.0,6.0,8.0,7.0,6.0,8.0,3.0,3.0,3.0,1.0,1,1,O2-,"Alkali Metals, Lanthanides, Nonmetals, Transition Metals",GGA_U,Na-O-Tb-V,0.013875975357142,-2.6687740300574703,3.7172,4,Monoclinic,m,Cc,oxide,Na,,V,,,,"N, O",,,Tb,,"B $\in$ [0.1, 0.5]",Positive B,2.3950772250513346
mp-1210924,LiTb2RuO6,0.923177680441538,1.6799603175669469,Square-face bicapped trigonal prism,1,4e,1,[1.437968893242597],0.0,1.437968893242597,ABC2D6,1,1,1,[8.0],[8.0],8.0,8.0,8.0,8.0,8.0,8.0,3.0,3.0,3.0,1.0,1,1,O2-,"Alkali Metals, Lanthanides, Nonmetals, Transition Metals",GGA,Li-O-Ru-Tb,0.0,-2.864963510666666,0.0814,4,Monoclinic,2/m,P2_1/c,oxide,Li,,Ru,,,,O,,,Tb,,B > 1,Positive B,2.445989925719438
mp-1211005,LiTb(WO4)2,2.368558843961879,-0.0940163850108219,Octahedron,1,2f,1,[1.295909931820423],0.0,1.295909931820423,ABC2D8,1,1,1,[6.0],[6.0],6.0,6.0,6.0,6.0,6.0,6.0,3.0,3.0,3.0,1.0,1,1,O2-,"Alkali Metals, Lanthanides, Nonmetals, Transition Metals",GGA_U,Li-O-Tb-W,0.000922843437498,-2.659734967499999,3.7750999999999992,4,Monoclinic,2/m,P2/c,oxide,Li,,W,,,,O,,,Tb,,"B $\in$ [-0.1, 0.1]",B $\approx$ 0,2.298364044045781
mp-1211011,Na3Tb(PO4)2,2.461626869440761,-0.0807338531251947,Square-face bicapped trigonal prism,1,4a,1,"[3.1571495733955572, 3.4244355228555943]",0.0,3.2907925481255758,AB2C3D8,1,1,1,[7.0],[7.0],7.0,7.0,7.0,7.0,7.0,7.0,3.0,3.0,3.0,1.0,1,1,O2-,"Alkali Metals, Lanthanides, Nonmetals",GGA,Na-O-P-Tb,0.0,-2.947164855095735,4.954,4,Orthorhombic,mm2,Pca2_1,phosphate,Na,,,,,,"N, O, P",,,Tb,,"B $\in$ [-0.1, 0.1]",B $\approx$ 0,2.3929882897157446
mp-1211079,LiTb6B3O14,1.9778758191466577,0.4680411103329163,"Cube, Face-capped octahedron, Square-face capped trigonal prism",3,4e,1,"[2.8583315448070152, 5.35393520254392, 3.471587389622501, 2.741761171919655, 2.309747843017597, 2.843587006572208]",0.167,3.2631583597471487,AB3C6D14,3,3,1,"[6.0, 7.0, 8.0]","[6.0, 7.0, 8.0]",7.0,6.0,8.0,7.0,6.0,8.0,3.0,3.0,3.0,1.0,1,1,O2-,"Alkali Metals, Lanthanides, Metalloids, Nonmetals",GGA,B-Li-O-Tb,0.0,-3.592606311284721,4.7094000000000005,4,Monoclinic,2/m,P2_1/c,oxide,Li,,,,,B,O,,,Tb,,"B $\in$ [0.1, 0.5]",Positive B,2.380124315423323
mp-1211249,KTb(CO3)2,1.7134816759441969,0.7298514582832816,Square antiprism,1,2e,1,[2.496960567025922],0.0,2.496960567025922,ABC2D6,1,1,1,[8.0],[8.0],8.0,8.0,8.0,8.0,8.0,8.0,3.0,3.0,3.0,1.0,1,1,O2-,"Alkali Metals, Lanthanides, Nonmetals",GGA,C-K-O-Tb,0.0,-2.572938712891667,4.4195,4,Monoclinic,2/m,C2/c,carbonate,K,,,,,,"C, O",,,Tb,,"B $\in$ [0.5, 1]",Positive B,2.395168858362769
mp-1211297,KTb(MoO4)2,2.657353913286083,-0.2042283804049898,Dodecahedron with triangular faces - p2345 plane normalized,1,2e,1,[1.455782291578027],0.0,1.455782291578027,ABC2D8,1,1,1,[8.0],[8.0],8.0,8.0,8.0,8.0,8.0,8.0,3.0,3.0,3.0,1.0,1,1,O2-,"Alkali Metals, Lanthanides, Nonmetals, Transition Metals",GGA_U,K-Mo-O-Tb,0.015061929791666,-2.5321107682430557,3.256399999999999,4,Monoclinic,2/m,C2/c,oxide,K,,Mo,,,,O,,,Tb,,"B $\in$ [-1, -0.1]",Negative B,2.425853158778847
mp-1211409,KTb(MoO4)2,1.8086596125702272,0.6253869537357855,Square antiprism,1,4c,1,[1.065760580147278],0.0,1.065760580147278,ABC2D8,1,1,1,[8.0],[8.0],8.0,8.0,8.0,8.0,8.0,8.0,3.0,3.0,3.0,1.0,1,1,O2-,"Alkali Metals, Lanthanides, Nonmetals, Transition Metals",GGA_U,K-Mo-O-Tb,0.0,-2.5471726980347222,3.6116,4,Orthorhombic,mmm,Pbcn,oxide,K,,Mo,,,,O,,,Tb,,"B $\in$ [0.5, 1]",Positive B,2.407801342140452
mp-1211713,KLiTb2(MoO4)4,2.141163174608752,0.3021605963653451,Dodecahedron with triangular faces - p2345 plane normalized,1,4f,1,[2.114672220505682],0.0,2.114672220505682,ABC2D4E16,1,1,1,[8.0],[8.0],8.0,8.0,8.0,8.0,8.0,8.0,3.0,3.0,3.0,1.0,1,1,O2-,"Alkali Metals, Lanthanides, Nonmetals, Transition Metals",GGA_U,K-Li-Mo-O-Tb,0.017209554218757,-2.528865176621529,3.3146,5,Monoclinic,2/m,C2/c,oxide,"Li, K",,Mo,,,,O,,,Tb,,"B $\in$ [0.1, 0.5]",Positive B,2.4149721415409955
mp-1211773,K2TbNb5O15,1.9380423191971805,0.5127904242573705,Cuboctahedron,1,2b,1,[0.16819624857304802],0.0,0.16819624857304802,AB2C5D15,1,1,1,[12.0],[12.0],12.0,12.0,12.0,12.0,12.0,12.0,3.0,3.0,3.0,1.0,1,1,O2-,"Alkali Metals, Lanthanides, Nonmetals, Transition Metals",GGA,K-Nb-O-Tb,0.044374546340582,-3.068842768528986,1.867,4,Tetragonal,4/mmm,P4/mbm,oxide,K,,Nb,,,,"N, O",,,Tb,,"B $\in$ [0.5, 1]",Positive B,2.65204313636553
mp-1212130,Li3Tb(NO3)6,2.532959771855475,-0.0248249308859402,Square-face bicapped square antiprism,1,4e,1,[3.559525262463176],0.0,3.559525262463176,AB3C6D18,1,1,1,[10.0],[10.0],10.0,10.0,10.0,10.0,10.0,10.0,3.0,3.0,3.0,1.0,1,1,O2-,"Alkali Metals, Lanthanides, Nonmetals",GGA,Li-N-O-Tb,0.0,-1.426259162827382,3.104,4,Monoclinic,2/m,P2_1/c,nitrate,Li,,,,,,"N, O",,,Tb,,"B $\in$ [-0.1, 0.1]",B $\approx$ 0,2.50286292595813
mp-1213289,CsTb(MoO4)2,2.7184017903205566,-0.2230507329487398,Dodecahedron with triangular faces - p2345 plane normalized,1,2e,1,[1.7093788804491812],0.0,1.7093788804491812,ABC2D8,1,1,1,[8.0],[8.0],8.0,8.0,8.0,8.0,8.0,8.0,3.0,3.0,3.0,1.0,1,1,O2-,"Alkali Metals, Lanthanides, Nonmetals, Transition Metals",GGA_U,Cs-Mo-O-Tb,0.043711946666666,-2.50129375427682,3.117899999999999,4,Monoclinic,2/m,C2/c,oxide,Cs,,Mo,,,,"C, O",,,Tb,,"B $\in$ [-1, -0.1]",Negative B,2.4643723661080736
mp-1213293,CsTb(MoO4)2,1.6755652374004852,0.7490274914410884,Square antiprism,1,2e,1,[0.925851601386902],0.0,0.925851601386902,ABC2D8,1,1,1,[8.0],[8.0],8.0,8.0,8.0,8.0,8.0,8.0,3.0,3.0,3.0,1.0,1,1,O2-,"Alkali Metals, Lanthanides, Nonmetals, Transition Metals",GGA_U,Cs-Mo-O-Tb,0.0,-2.545005700943488,3.6397,4,Orthorhombic,mmm,Pccm,oxide,Cs,,Mo,,,,"C, O",,,Tb,,"B $\in$ [0.5, 1]",Positive B,2.4207853712853638
mp-1213302,CsTbP2O7,2.064969432838728,0.3036363773170657,Octahedron,1,4e,1,[0.372498223169542],0.0,0.372498223169542,ABC2D7,1,1,1,[6.0],[6.0],6.0,6.0,6.0,6.0,6.0,6.0,3.0,3.0,3.0,1.0,1,1,O2-,"Alkali Metals, Lanthanides, Nonmetals",GGA,Cs-O-P-Tb,0.0,-3.144256431646141,5.1362,4,Monoclinic,2/m,P2_1/c,oxide,Cs,,,,,,"C, O, P",,,Tb,,"B $\in$ [0.1, 0.5]",Positive B,2.275668531092519
mp-1213324,CsTb(WO4)2,2.335337209056072,0.0097475278829529,Dodecahedron with triangular faces - p2345 plane normalized,1,2e,1,[2.415222894372655],0.0,2.415222894372655,ABC2D8,1,1,1,[6.0],[6.0],6.0,6.0,6.0,6.0,6.0,6.0,3.0,3.0,3.0,1.0,1,1,O2-,"Alkali Metals, Lanthanides, Nonmetals, Transition Metals",GGA_U,Cs-O-Tb-W,0.0,-2.646164072193487,3.4158,4,Monoclinic,2/m,C2/c,oxide,Cs,,W,,,,"C, O",,,Tb,,"B $\in$ [-0.1, 0.1]",B $\approx$ 0,2.342459614674045
mp-1214316,BaTbCuBO5,2.482380308086729,-0.0470292528267057,Cube,1,2a,1,[2.303418708663842],0.0,2.303418708663842,ABCDE5,1,1,1,[8.0],[8.0],8.0,8.0,8.0,8.0,8.0,8.0,3.0,3.0,3.0,1.0,1,1,O2-,"Alkaline Earth Metals, Lanthanides, Metalloids, Nonmetals, Transition Metals",GGA,B-Ba-Cu-O-Tb,0.015854873819416,-2.870600246759259,0.0,5,Tetragonal,4mm,P4bm,oxide,,Ba,Cu,,,B,"C, O",,,Tb,,"B $\in$ [-0.1, 0.1]",B $\approx$ 0,2.436165447043406
mp-1214377,BaTb2(MoO4)4,2.1519282991942474,0.2742239814433233,Dodecahedron with triangular faces - p2345 plane normalized,1,4f,1,[2.261876863579751],0.0,2.261876863579751,AB2C4D16,1,1,1,[8.0],[8.0],8.0,8.0,8.0,8.0,8.0,8.0,3.0,3.0,3.0,1.0,1,1,O2-,"Alkaline Earth Metals, Lanthanides, Metalloids, Nonmetals, Transition Metals",GGA_U,Ba-Mo-O-Tb,0.022950297717398,-2.6333665414492757,3.3313,4,Monoclinic,2/m,C2/c,oxide,,Ba,Mo,,,B,O,,,Tb,,"B $\in$ [0.1, 0.5]",Positive B,2.4186648533924795
mp-1214513,Ba6Tb2Al4O15,3.0449511319826934,-1.063539996635872,no_data,1,no_data,1,no_data,0.0,no_data,A2B4C6D15,1,1,1,[6.0],[6.0],6.0,6.0,6.0,6.0,6.0,6.0,3.0,3.0,3.0,1.0,1,1,O2-,"Alkaline Earth Metals, Lanthanides, Metalloids, Nonmetals, Post-Transition Metals",GGA,Al-Ba-O-Tb,0.0,-3.408807617530864,3.9253,4,Monoclinic,2/m,P2/c,oxide,,Ba,,,Al,B,O,,,Tb,,B < -1,Negative B,2.3073593183144623
mp-1214551,Ba6Tb2Ga4O15,2.995689101313748,-1.0169142300314546,Octahedron,1,4g,1,[0.628905760555401],0.0,0.628905760555401,A2B4C6D15,1,1,1,[6.0],[6.0],6.0,6.0,6.0,6.0,6.0,6.0,3.0,3.0,3.0,1.0,1,1,O2-,"Alkaline Earth Metals, Lanthanides, Metalloids, Nonmetals, Post-Transition Metals",GGA,Ba-Ga-O-Tb,0.0,-2.992134606604938,3.5957,4,Monoclinic,2/m,P2/c,oxide,,Ba,,,Ga,B,O,,,Tb,,B < -1,Negative B,2.290425826780416
mp-1214852,Ba2TbV3O11,1.3601578695729877,1.1593759833191943,Dodecahedron with triangular faces - p2345 plane normalized,1,4e,1,[2.149558089897541],0.0,2.149558089897541,AB2C3D11,1,1,1,[8.0],[8.0],8.0,8.0,8.0,8.0,8.0,8.0,3.0,3.0,3.0,1.0,1,1,O2-,"Alkaline Earth Metals, Lanthanides, Metalloids, Nonmetals, Transition Metals",GGA_U,Ba-O-Tb-V,0.01799892632351,-3.005782029803922,3.4739,4,Monoclinic,2/m,P2_1/c,oxide,,Ba,V,,,B,O,,,Tb,,B > 1,Positive B,2.480057685668634
mp-1217522,TbTaTiO6,2.1635416837342367,0.2638618532752502,Square-face bicapped trigonal prism,1,4a,1,[1.50032327475063],0.0,1.50032327475063,ABCD6,1,1,1,[8.0],[8.0],8.0,8.0,8.0,8.0,8.0,8.0,3.0,3.0,3.0,1.0,1,1,O2-,"Lanthanides, Nonmetals, Transition Metals",GGA,O-Ta-Tb-Ti,0.0,-3.657415306092592,3.153499999999999,4,Orthorhombic,mm2,Pna2_1,oxide,,,"Ti, Ta",,,,O,,,Tb,,"B $\in$ [0.1, 0.5]",Positive B,2.401668002969778
mp-1217661,Tb5Si2BO13,2.053153308601548,0.4049354031753716,"Tricapped triangular prism (three square-face caps), Pentagonal bipyramid",2,"2c, 1a, 1b",3,"[2.557197075067566, 3.309584478607766, 2.316868689601244, 2.886258814102881, 2.068804996928308, 2.499114300588133, 2.490263205261409, 2.298235451994565]",0.0,2.553290876518984,AB2C5D13,2,3,1,"[6.0, 7.0, 9.0]","[6.0, 7.0, 9.0]",7.333333333333333,6.0,9.0,7.333333333333333,6.0,9.0,3.0,3.0,3.0,1.0,1,1,O2-,"Lanthanides, Metalloids, Nonmetals",GGA,B-O-Si-Tb,0.0,-3.714724967976191,4.4975,4,Monoclinic,m,Pm,oxide,,,,,,"B, Si","O, S",,,Tb,,"B $\in$ [0.1, 0.5]",Positive B,2.432748424001915
mp-1217713,Tb2MnSbO7,2.075102048833588,0.3590699342000347,Cube,1,"2c, 2b",2,"[2.000251205654383, 1.323902356941734]",0.0,1.6620767812980586,ABC2D7,1,1,1,[8.0],[8.0],8.0,8.0,8.0,8.0,8.0,8.0,3.0,3.0,3.0,1.0,1,1,O2-,"Lanthanides, Metalloids, Nonmetals, Transition Metals",GGA_U,Mn-O-Sb-Tb,0.0,-2.950563000114941,0.429599999999999,4,Orthorhombic,mmm,Imma,oxide,,,Mn,,,Sb,"O, S",,,Tb,,"B $\in$ [0.1, 0.5]",Positive B,2.441328657778886
mp-1217718,Tb2AlFeO6,1.2761228976177854,1.2832453600380749,Square-face bicapped trigonal prism,1,4e,1,[2.129837701955588],0.0,2.129837701955588,ABC2D6,1,1,1,[8.0],[8.0],8.0,8.0,8.0,8.0,8.0,8.0,3.0,3.0,3.0,1.0,1,1,O2-,"Halogens, Lanthanides, Nonmetals, Post-Transition Metals, Transition Metals",GGA_U,Al-Fe-O-Tb,0.017909213562502,-3.278761241833332,2.4911,4,Monoclinic,2/m,P2_1/c,oxide,,,Fe,,Al,,O,F,,Tb,,B > 1,Positive B,2.4284468631888654
mp-1217726,Tb2VFeO6,0.8564936075065971,1.795351594998504,Square-face bicapped trigonal prism,1,4e,1,[1.577409813976881],0.0,1.577409813976881,ABC2D6,1,1,1,[8.0],[8.0],8.0,8.0,8.0,8.0,8.0,8.0,3.0,3.0,3.0,1.0,1,1,O2-,"Halogens, Lanthanides, Nonmetals, Transition Metals",GGA_U,Fe-O-Tb-V,0.0,-3.079295732833335,1.3995,4,Monoclinic,2/m,P2_1/c,oxide,,,"V, Fe",,,,O,F,,Tb,,B > 1,Positive B,2.4645899108333333
mp-1217727,Tb2MnCrO6,1.2237906112303272,1.3692986146788075,Square-face bicapped trigonal prism,1,4e,1,[1.5636675819618802],0.0,1.5636675819618802,ABC2D6,1,1,1,[8.0],[8.0],8.0,8.0,8.0,8.0,8.0,8.0,3.0,3.0,3.0,1.0,1,1,O2-,"Lanthanides, Nonmetals, Transition Metals",GGA_U,Cr-Mn-O-Tb,0.019794951000001,-3.102837643126437,0.9641999999999992,4,Monoclinic,2/m,P2_1/c,oxide,,,"Cr, Mn",,,,"C, O",,,Tb,,B > 1,Positive B,2.4475467598752734
mp-1217731,Tb2CrSbO7,2.01862884752208,0.4012432938679831,Cube,1,"2d, 2a",2,"[1.9796685446881241, 1.413451955641857]",0.0,1.6965602501649906,ABC2D7,1,1,1,[8.0],[8.0],8.0,8.0,8.0,8.0,8.0,8.0,3.0,3.0,3.0,1.0,1,1,O2-,"Lanthanides, Metalloids, Nonmetals, Transition Metals",GGA_U,Cr-O-Sb-Tb,0.0,-3.044271386666666,2.1144,4,Orthorhombic,mmm,Imma,oxide,,,Cr,,,Sb,"C, O, S",,,Tb,,"B $\in$ [0.1, 0.5]",Positive B,2.4353698083507713
mp-1220906,NaTbTi2O6,0.8917069751300504,1.6256163644136017,Square-face bicapped trigonal prism,1,2a,1,[2.626902494616547],0.0,2.626902494616547,ABC2D6,1,1,1,[8.0],[8.0],8.0,8.0,8.0,8.0,8.0,8.0,3.0,3.0,3.0,1.0,1,1,O2-,"Alkali Metals, Lanthanides, Nonmetals, Transition Metals",GGA,Na-O-Tb-Ti,0.010125840624993,-3.437854374471263,2.307,4,Orthorhombic,mm2,Pmn2_1,oxide,Na,,Ti,,,,"N, O",,,Tb,,B > 1,Positive B,2.4389162861311307
mp-1220923,NaTbIrO4,1.7047226893668728,0.7423695893684916,"Square-face capped trigonal prism, Tricapped triangular prism (three square-face caps)",2,"2e, 1b",2,"[0.7777785645463101, 0.585145409297783]",0.0,0.6814619869220466,ABCD4,2,2,1,"[7.0, 9.0]","[7.0, 9.0]",8.0,7.0,9.0,8.0,7.0,9.0,3.0,3.0,3.0,1.0,1,1,O2-,"Alkali Metals, Halogens, Lanthanides, Nonmetals, Transition Metals",GGA,Ir-Na-O-Tb,0.035583614508931,-2.322461999720853,0.0,4,Orthorhombic,mm2,Amm2,oxide,Na,,Ir,,,,"N, O",I,,Tb,,"B $\in$ [0.5, 1]",Positive B,2.464617649689427
mp-1221228,Na3TbTi2Nb2O12,1.227704711846218,1.2084567323639688,Square-face bicapped trigonal prism,1,1a,1,[2.526200280518313],0.0,2.526200280518313,AB2C2D3E12,1,1,1,[8.0],[8.0],8.0,8.0,8.0,8.0,8.0,8.0,3.0,3.0,3.0,1.0,1,1,O2-,"Alkali Metals, Lanthanides, Nonmetals, Transition Metals",GGA,Na-Nb-O-Tb-Ti,0.01339314591665,-3.133281343373563,0.0,5,Triclinic,1,P1,oxide,Na,,"Ti, Nb",,,,"N, O",,,Tb,,B > 1,Positive B,2.4140216558076233
mp-1222843,LaTb3(Mo2O7)2,1.8206168333210613,0.6425192658995731,Cube,1,3e,1,[1.423596882018024],0.0,1.423596882018024,AB3C4D14,1,1,1,[8.0],[8.0],8.0,8.0,8.0,8.0,8.0,8.0,3.0,3.0,3.0,1.0,1,1,O2-,"Lanthanides, Nonmetals, Transition Metals",GGA_U,La-Mo-O-Tb,0.0,-2.925762261590908,0.2778,4,Trigonal,-3m,R-3m,oxide,,,Mo,,,,O,,,"La, Tb",,"B $\in$ [0.5, 1]",Positive B,2.457770849975018
mp-1223146,La3Tb(PO4)4,1.5024476305789154,0.925724507497231,Tricapped triangular prism (two square-face caps and one triangular-face cap),1,1a,1,[4.15617575696454],0.0,4.15617575696454,AB3C4D16,1,1,1,[9.0],[9.0],9.0,9.0,9.0,9.0,9.0,9.0,3.0,3.0,3.0,1.0,1,1,O2-,"Lanthanides, Nonmetals",GGA,La-O-P-Tb,0.043978671249984,-3.484662606676586,4.7001,4,Triclinic,1,P1,phosphate,,,,,,,"O, P",,,"La, Tb",,"B $\in$ [0.5, 1]",Positive B,2.527670699342752
mp-1227131,CaTb3Mn4O12,2.158284388393221,0.303038717480446,Square-face bicapped trigonal prism,1,"1a, 1b",2,"[2.136082464656845, 2.129391577878318, 2.015607090959524]",0.0,2.093693711164896,AB3C4D12,1,2,2,"[8.0, 8.0]","[8.0, 8.0]",8.0,8.0,8.0,8.0,8.0,8.0,3.5,3.0,4.0,1.0,1,1,O2-,"Alkaline Earth Metals, Lanthanides, Nonmetals, Transition Metals",GGA_U,Ca-Mn-O-Tb,0.004676387187474,-2.908001520086206,0.0,4,Monoclinic,m,Pm,oxide,,Ca,Mn,,,,"C, O",,,Tb,,"B $\in$ [0.1, 0.5]",Positive B,2.448480446254061
mp-1227156,CaTbMn2O6,1.459284490171354,1.4785094925349105,Square-face bicapped trigonal prism,1,2a,1,[2.396330338691476],0.0,2.396330338691476,ABC2D6,1,1,1,[8.0],[8.0],8.0,8.0,8.0,8.0,8.0,8.0,4.0,4.0,4.0,1.0,1,1,O2-,"Alkaline Earth Metals, Lanthanides, Nonmetals, Transition Metals",GGA_U,Ca-Mn-O-Tb,0.00541501644642,-2.782975006752873,0.0,4,Orthorhombic,mm2,Pmn2_1,oxide,,Ca,Mn,,,,"C, O",,,Tb,,B > 1,Positive B,2.4526374750060276
mp-1227302,CaTb2Mn3O9,2.032815787338703,0.4147594043364134,Square-face bicapped trigonal prism,1,4c,1,"[2.433422345004022, 1.94472662994474]",0.0,2.189074487474381,AB2C3D9,1,1,1,[8.0],[8.0],8.0,8.0,8.0,8.0,8.0,8.0,3.0,3.0,3.0,1.0,1,1,O2-,"Alkaline Earth Metals, Lanthanides, Nonmetals, Transition Metals",GGA_U,Ca-Mn-O-Tb,0.003236581440459,-2.8680120311417623,0.0,4,Orthorhombic,mmm,Pnma,oxide,,Ca,Mn,,,,"C, O",,,Tb,,"B $\in$ [0.1, 0.5]",Positive B,2.445356752736771
mp-1227626,Ca2TbMn3O9,2.4050959841625312,0.0158223652434436,Square-face bicapped trigonal prism,1,4c,1,[2.647343506183165],0.0,2.647343506183165,AB2C3D9,1,1,1,[8.0],[8.0],8.0,8.0,8.0,8.0,8.0,8.0,3.0,3.0,3.0,1.0,1,1,O2-,"Alkaline Earth Metals, Lanthanides, Nonmetals, Transition Metals",GGA_U,Ca-Mn-O-Tb,0.008408891430562,-2.696405667863985,0.0,4,Orthorhombic,mmm,Pnma,oxide,,Ca,Mn,,,,"C, O",,,Tb,,"B $\in$ [-0.1, 0.1]",B $\approx$ 0,2.4430429007008128
mp-1227679,Ca3TbMn4O12,1.9914451778509856,0.6029356606835675,Square-face bicapped trigonal prism,1,1a,1,[2.502202556639059],0.0,2.502202556639059,AB3C4D12,1,1,1,[8.0],[8.0],8.0,8.0,8.0,8.0,8.0,8.0,4.0,4.0,4.0,1.0,1,1,O2-,"Alkaline Earth Metals, Lanthanides, Nonmetals, Transition Metals",GGA_U,Ca-Mn-O-Tb,0.011227391031258,-2.6512617804195413,0.0,4,Monoclinic,m,Pm,oxide,,Ca,Mn,,,,"C, O",,,Tb,,"B $\in$ [0.5, 1]",Positive B,2.4216028105471032
mp-1228219,Ba3TbIrRuO9,1.7384925827013753,0.718760770885772,Octahedron,1,2a,1,[0.009430107688837001],0.0,0.009430107688837001,ABCD3E9,1,1,1,[6.0],[6.0],6.0,6.0,6.0,6.0,6.0,6.0,3.0,3.0,3.0,1.0,1,1,O2-,"Alkaline Earth Metals, Halogens, Lanthanides, Metalloids, Nonmetals, Transition Metals",GGA,Ba-Ir-O-Ru-Tb,0.0,-2.5823269487777782,0.0,5,Hexagonal,6mm,P6_3mc,oxide,,Ba,"Ru, Ir",,,B,O,I,,Tb,,"B $\in$ [0.5, 1]",Positive B,2.2370620765943854
mp-1228418,Ba3Tb2WO9,1.5401443354735502,1.0771073454856646,Octahedron,1,"1g, 2i, 1b",3,"[0.220992171113804, 0.27903734061254104, 0.11708508922788101]",0.0,0.205704866984742,AB2C3D9,1,1,1,[6.0],[6.0],6.0,6.0,6.0,6.0,6.0,6.0,3.0,3.0,3.0,1.0,1,1,O2-,"Alkaline Earth Metals, Lanthanides, Metalloids, Nonmetals, Transition Metals",GGA_U,Ba-O-Tb-W,0.0,-3.259709961222221,2.3808,4,Triclinic,-1,P-1,oxide,,Ba,W,,,B,O,,,Tb,,B > 1,Positive B,2.2903308187311566
mp-12647,TbNbO4,2.3395637782629484,0.0596846454314292,Square antiprism,1,2e,1,[2.659148758387793],0.0,2.659148758387793,ABC4,1,1,1,[8.0],[8.0],8.0,8.0,8.0,8.0,8.0,8.0,3.0,3.0,3.0,1.0,1,1,O2-,"Lanthanides, Nonmetals, Transition Metals",r2SCAN,Nb-O-Tb,0.0,-3.566975817777776,3.5124999999999997,3,Monoclinic,2/m,C2/c,oxide,,,Nb,,,,"N, O",,,Tb,,"B $\in$ [-0.1, 0.1]",B $\approx$ 0,2.367834170562848
mp-12932,TbTaO4,2.1974004352781327,0.2308679914808708,Square antiprism,1,2e,1,[1.995367168493492],0.0,1.995367168493492,ABC4,1,1,1,[8.0],[8.0],8.0,8.0,8.0,8.0,8.0,8.0,3.0,3.0,3.0,1.0,1,1,O2-,"Lanthanides, Nonmetals, Transition Metals",r2SCAN,O-Ta-Tb,0.0,-3.5855617978888903,4.0177,3,Monoclinic,2/m,P2/c,oxide,,,Ta,,,,O,,,Tb,,"B $\in$ [0.1, 0.5]",Positive B,2.3772587727540793
mp-13063,Tb2O3,1.8703861247556144,0.6413371503929053,Face-capped octahedron,1,2d,1,[2.824654093089434],0.0,2.824654093089434,A2B3,1,1,1,[7.0],[7.0],7.0,7.0,7.0,7.0,7.0,7.0,3.0,3.0,3.0,1.0,1,1,O2-,"Lanthanides, Nonmetals",r2SCAN,O-Tb,0.039209311,-3.867086503999999,4.1338,2,Trigonal,-3m,P-3m1,oxide,,,,,,,O,,,Tb,,"B $\in$ [0.5, 1]",Positive B,2.3822713602453405
mp-14649,Tb2Ge2O7,1.7690011132837715,0.7726547908673373,Square-face capped trigonal prism,1,8b,1,[3.434312325330518],0.0,3.434312325330518,A2B2C7,1,1,1,[7.0],[7.0],7.0,7.0,7.0,7.0,7.0,7.0,3.0,3.0,3.0,1.0,1,1,O2-,"Lanthanides, Metalloids, Nonmetals",r2SCAN,Ge-O-Tb,0.0,-2.8723007840909123,3.758099999999999,3,Tetragonal,422,P4_12_12,oxide,,,,,,Ge,O,,,Tb,,"B $\in$ [0.5, 1]",Positive B,2.3463108079806885
mp-14948,TbCu(MoO4)2,2.3387587267158216,0.0428122991532744,Square antiprism,1,8c,1,[0.41307692968040904],0.0,0.41307692968040904,ABC2D8,1,1,1,[8.0],[8.0],8.0,8.0,8.0,8.0,8.0,8.0,3.0,3.0,3.0,1.0,1,1,O2-,"Lanthanides, Nonmetals, Transition Metals",GGA_U,Cu-Mo-O-Tb,0.012346195312501,-2.279479599722222,1.9353999999999991,4,Orthorhombic,mmm,Pbca,oxide,,,"Cu, Mo",,,,"C, O",,,Tb,,"B $\in$ [-0.1, 0.1]",B $\approx$ 0,2.3963930332633687
mp-15161,Tb2Ru2O7,1.7820243545023948,0.6089142458621053,Cube,1,4c,1,[1.5064238201955051],0.0,1.5064238201955051,A2B2C7,1,1,1,[8.0],[8.0],8.0,8.0,8.0,8.0,8.0,8.0,3.0,3.0,3.0,1.0,1,1,O2-,"Lanthanides, Nonmetals, Transition Metals",r2SCAN,O-Ru-Tb,0.015515789886357,-2.5896548243939392,0.0,3,Cubic,m-3m,Fd-3m,oxide,,,Ru,,,,O,,,Tb,,"B $\in$ [0.5, 1]",Positive B,2.3892610752838994
mp-1518219,BaSrTbBiO6,2.267435708651474,-0.0117945884943987,Octahedron,1,4e,1,[0.013987812441975],0.0,0.013987812441975,ABCDE6,1,1,1,[6.0],[6.0],6.0,6.0,6.0,6.0,6.0,6.0,3.0,3.0,3.0,1.0,1,1,O2-,"Alkaline Earth Metals, Lanthanides, Metalloids, Nonmetals, Post-Transition Metals",GGA,Ba-Bi-O-Sr-Tb,0.003335423999998,-2.817214855916667,1.8169,5,Orthorhombic,mmm,Pnnn,oxide,,"Sr, Ba",,,Bi,B,"O, S",,,Tb,,"B $\in$ [-0.1, 0.1]",B $\approx$ 0,2.259180792565912
mp-1518633,BaCaTbBiO6,2.255618836009493,0.0148371999450077,Octahedron,1,4u,1,[0.23070738137579203],0.0,0.23070738137579203,ABCDE6,1,1,1,[6.0],[6.0],6.0,6.0,6.0,6.0,6.0,6.0,3.0,3.0,3.0,1.0,1,1,O2-,"Alkaline Earth Metals, Lanthanides, Metalloids, Nonmetals, Post-Transition Metals",GGA,Ba-Bi-Ca-O-Tb,0.004942283843747,-2.802971251666666,1.721299999999999,5,Orthorhombic,222,P222,oxide,,"Ca, Ba",,,Bi,B,"C, O",,,Tb,,"B $\in$ [-0.1, 0.1]",B $\approx$ 0,2.2659546827979535
mp-1518778,BaSrTbWO6,2.2676480495891407,0.0008618610672788,Octahedron,1,"1d, 1g",2,"[0.025743646623415002, 0.044907616730048006]",0.0,0.0353256316767315,ABCDE6,1,2,2,"[6.0, 6.0]","[6.0, 6.0]",6.0,6.0,6.0,6.0,6.0,6.0,3.5,3.0,4.0,1.0,1,1,O2-,"Alkaline Earth Metals, Lanthanides, Metalloids, Nonmetals, Transition Metals",GGA_U,Ba-O-Sr-Tb-W,0.02167496781251,-3.132688880666665,2.038,5,Triclinic,-1,P-1,oxide,,"Sr, Ba",W,,,B,"O, S",,,Tb,,"B $\in$ [-0.1, 0.1]",B $\approx$ 0,2.2681220680983243
mp-1518827,BaCaTbBiO6,2.65035186694605,-0.5335473860590014,Octahedron,1,"1d, 1g",2,"[0.206947039232863, 0.13269858299418602]",0.0,0.1698228111135245,ABCDE6,1,1,1,[6.0],[6.0],6.0,6.0,6.0,6.0,6.0,6.0,3.0,3.0,3.0,1.0,1,1,O2-,"Alkaline Earth Metals, Lanthanides, Metalloids, Nonmetals, Post-Transition Metals",GGA,Ba-Bi-Ca-O-Tb,0.005178365343746,-2.802735170166667,1.705299999999999,5,Triclinic,-1,P-1,oxide,,"Ca, Ba",,,Bi,B,"C, O",,,Tb,,"B $\in$ [-1, -0.1]",Negative B,2.2797748128233484
mp-1520387,BaSrTbSbO6,2.145589916681307,0.1609840850529592,Octahedron,1,4u,1,[0.051409941307310004],0.0,0.051409941307310004,ABCDE6,1,1,1,[6.0],[6.0],6.0,6.0,6.0,6.0,6.0,6.0,3.0,3.0,3.0,1.0,1,1,O2-,"Alkaline Earth Metals, Lanthanides, Metalloids, Nonmetals",GGA,Ba-O-Sb-Sr-Tb,0.005719550625,-3.076610396166665,3.4354,5,Orthorhombic,222,P222,oxide,,"Sr, Ba",,,,"B, Sb","O, S",,,Tb,,"B $\in$ [0.1, 0.5]",Positive B,2.257296838225544
mp-1520398,SrCaTbBiO6,2.3874976629470126,-0.1684676229183677,Octahedron,1,"1d, 1g",2,"[0.098850312980719, 0.128715880339316]",0.0,0.1137830966600175,ABCDE6,1,1,1,[6.0],[6.0],6.0,6.0,6.0,6.0,6.0,6.0,3.0,3.0,3.0,1.0,1,1,O2-,"Alkaline Earth Metals, Lanthanides, Metalloids, Nonmetals, Post-Transition Metals",GGA,Bi-Ca-O-Sr-Tb,0.0,-2.844511043666667,1.7765,5,Triclinic,-1,P-1,oxide,,"Ca, Sr",,,Bi,B,"C, O, S",,,Tb,,"B $\in$ [-1, -0.1]",Negative B,2.2704720671400795
mp-1520523,BaSrTbSbO6,2.133283534990369,0.1841110529244222,Octahedron,1,"1d, 1g",2,"[0.050368573996506, 0.041637171557214005]",0.0,0.04600287277686001,ABCDE6,1,1,1,[6.0],[6.0],6.0,6.0,6.0,6.0,6.0,6.0,3.0,3.0,3.0,1.0,1,1,O2-,"Alkaline Earth Metals, Lanthanides, Metalloids, Nonmetals",GGA,Ba-O-Sb-Sr-Tb,0.004673632624999,-3.077656314166667,3.5885,5,Triclinic,-1,P-1,oxide,,"Sr, Ba",,,,"B, Sb","O, S",,,Tb,,"B $\in$ [0.1, 0.5]",Positive B,2.261072486381957
mp-1522124,CaTbEuNbO6,2.323189382660704,-0.0737199143765991,Octahedron,1,"1d, 1g",2,"[0.06829760830688801, 0.09342827132345301]",0.0,0.08086293981517051,ABCDE6,1,1,1,[6.0],[6.0],6.0,6.0,6.0,6.0,6.0,6.0,3.0,3.0,3.0,1.0,1,1,O2-,"Alkaline Earth Metals, Lanthanides, Nonmetals, Transition Metals",GGA,Ca-Eu-Nb-O-Tb,0.010297990174487,-3.466817037666667,0.1824,5,Triclinic,-1,P-1,oxide,,Ca,Nb,,,,"C, N, O",,,"Eu, Tb",,"B $\in$ [-0.1, 0.1]",B $\approx$ 0,2.2719802007499967
mp-1522360,BaSrTbNbO6,2.2205466415516675,0.0644161963987092,Octahedron,1,4u,1,[0.074045136745899],0.0,0.074045136745899,ABCDE6,1,1,1,[6.0],[6.0],6.0,6.0,6.0,6.0,6.0,6.0,3.0,3.0,3.0,1.0,1,1,O2-,"Alkaline Earth Metals, Lanthanides, Metalloids, Nonmetals, Transition Metals",GGA,Ba-Nb-O-Sr-Tb,0.013637760218751,-3.442391359666666,2.982599999999999,5,Orthorhombic,222,P222,oxide,,"Sr, Ba",Nb,,,B,"N, O, S",,,Tb,,"B $\in$ [-0.1, 0.1]",B $\approx$ 0,2.265547157884081
mp-1522402,BaSrTbSnO6,2.1929365213683334,0.1584090595690548,Octahedron,1,4u,1,[0.083761425354459],0.0,0.083761425354459,ABCDE6,1,1,1,[6.0],[6.0],6.0,6.0,6.0,6.0,6.0,6.0,4.0,4.0,4.0,1.0,1,1,O2-,"Alkaline Earth Metals, Lanthanides, Metalloids, Nonmetals, Post-Transition Metals",GGA,Ba-O-Sn-Sr-Tb,0.047837354312497,-2.896917427166667,0.0,5,Orthorhombic,222,P222,oxide,,"Sr, Ba",,,Sn,B,"O, S",,,Tb,,"B $\in$ [0.1, 0.5]",Positive B,2.2572155782053485
mp-15520,TbZn(BO2)5,1.7883651581241502,0.6110730619746454,Square-face bicapped square antiprism,1,4e,1,[4.094838459794257],0.0,4.094838459794257,ABC5D10,1,1,1,[10.0],[10.0],10.0,10.0,10.0,10.0,10.0,10.0,3.0,3.0,3.0,1.0,1,1,O2-,"Lanthanides, Metalloids, Nonmetals, Transition Metals",GGA,B-O-Tb-Zn,0.011412471838225,-2.9283569619117653,5.227,4,Monoclinic,2/m,P2_1/c,metaborate,,,Zn,,,B,O,,,Tb,,"B $\in$ [0.5, 1]",Positive B,2.535553355202212
mp-16590,Tb4Si2S3O7,2.1819935629425227,0.2480942359284746,"Trigonal prism, Tricapped triangular prism (three square-face caps)",2,"8g, 8h",2,"[1.707505588710971, 1.420423435359911]",0.0,1.563964512035441,A2B3C4D7,2,2,1,"[9.0, 6.0]","[6.0, 3.0]",7.5,6.0,9.0,4.5,3.0,6.0,3.0,3.0,3.0,2.0,2,2,"S2-, O2-","Lanthanides, Metalloids, Nonmetals",GGA,O-S-Si-Tb,0.005377639609381,-3.173476030032546,2.6586,4,Tetragonal,4/mmm,I4_1/amd,oxide,,,,,,Si,"O, S",,,Tb,,"B $\in$ [0.1, 0.5]",Positive B,2.4360358020253776
mp-16927,NaTbGeO4,1.9294837703817904,0.5925650212521417,Octahedron,1,4c,1,[2.425239141440439],0.0,2.425239141440439,ABCD4,1,1,1,[6.0],[6.0],6.0,6.0,6.0,6.0,6.0,6.0,3.0,3.0,3.0,1.0,1,1,O2-,"Alkali Metals, Lanthanides, Metalloids, Nonmetals",GGA,Ge-Na-O-Tb,0.0,-2.866214607935139,3.598799999999999,4,Orthorhombic,mmm,Pnma,oxide,Na,,,,,Ge,"N, O",,,Tb,,"B $\in$ [0.5, 1]",Positive B,2.3151469890648126
mp-17128,CsTb(PO3)4,2.31506214721867,0.0895508276076996,Square antiprism,1,2a,1,[1.074828209521384],0.0,1.074828209521384,ABC4D12,1,1,1,[8.0],[8.0],8.0,8.0,8.0,8.0,8.0,8.0,3.0,3.0,3.0,1.0,1,1,O2-,"Alkali Metals, Lanthanides, Nonmetals",GGA,Cs-O-P-Tb,0.0,-2.9250557466607363,5.3063,4,Monoclinic,2,P2_1,phosphite,Cs,,,,,,"C, O, P",,,Tb,,"B $\in$ [-0.1, 0.1]",B $\approx$ 0,2.4048725119435934
mp-17308,Tb2Si2O7,2.051243577649221,0.3664648672587139,"Square-face bicapped trigonal prism, Octahedron",2,2i,1,"[2.706999102711721, 3.358276147312955, 1.852294108195522, 2.572037403445528]",0.0,2.6224016904164316,A2B2C7,2,3,1,"[6.0, 7.0, 8.0]","[6.0, 7.0, 8.0]",7.0,6.0,8.0,7.0,6.0,8.0,3.0,3.0,3.0,1.0,1,1,O2-,"Lanthanides, Metalloids, Nonmetals",r2SCAN,O-Si-Tb,0.0,-3.530123351590909,4.9475,3,Triclinic,-1,P-1,oxide,,,,,,Si,"O, S",,,Tb,,"B $\in$ [0.1, 0.5]",Positive B,2.380901842772361
mp-17323,TbCu(BO2)5,1.8370293267042768,0.5614943642707829,Dodecahedron with triangular faces - p2345 plane normalized,1,2b,1,[1.7628890006781481],0.0,1.7628890006781481,ABC5D10,1,1,1,[8.0],[8.0],8.0,8.0,8.0,8.0,8.0,8.0,3.0,3.0,3.0,1.0,1,1,O2-,"Lanthanides, Metalloids, Nonmetals, Transition Metals",GGA,B-Cu-O-Tb,0.019288528284313,-2.80553174632353,0.7428,4,Orthorhombic,mmm,Ibam,metaborate,,,Cu,,,B,"C, O",,,Tb,,"B $\in$ [0.5, 1]",Positive B,2.4027549517136806
mp-18084,BaTb2ZnO5,2.5369083906362104,-0.1914010208716155,Square-face capped trigonal prism,1,4c,1,"[1.631014478665804, 2.04096282004535]",0.0,1.8359886493555768,ABC2D5,1,1,1,[7.0],[7.0],7.0,7.0,7.0,7.0,7.0,7.0,3.0,3.0,3.0,1.0,1,1,O2-,"Alkaline Earth Metals, Lanthanides, Metalloids, Nonmetals, Transition Metals",GGA,Ba-O-Tb-Zn,0.012870990046292,-3.25075140037037,3.050599999999999,4,Orthorhombic,mmm,Pnma,oxide,,Ba,Zn,,,B,O,,,Tb,,"B $\in$ [-1, -0.1]",Negative B,2.368359312720599
mp-18194,LiTb(PO3)4,1.8967550612701671,0.5243816204285776,Dodecahedron with triangular faces - p2345 plane normalized,1,2e,1,[0.5008318518896231],0.0,0.5008318518896231,ABC4D12,1,1,1,[8.0],[8.0],8.0,8.0,8.0,8.0,8.0,8.0,3.0,3.0,3.0,1.0,1,1,O2-,"Alkali Metals, Lanthanides, Nonmetals",GGA,Li-O-P-Tb,0.0,-2.930098251865078,6.0116,4,Monoclinic,2/m,C2/c,phosphite,Li,,,,,,"O, P",,,Tb,,"B $\in$ [0.5, 1]",Positive B,2.4184691853259146
mp-18340,Tb2MoO6,2.207608483020868,0.2115351826848171,"Cube, Square antiprism",2,"4f, 2e",2,"[3.622757333855021, 2.839167934131086, 1.548681010379203]",0.0,2.6702020927884367,AB2C6,2,1,1,[8.0],[8.0],8.0,8.0,8.0,8.0,8.0,8.0,3.0,3.0,3.0,1.0,1,1,O2-,"Lanthanides, Nonmetals, Transition Metals",r2SCAN,Mo-O-Tb,0.0,-3.183555702870368,2.2016,3,Monoclinic,2/m,C2/c,oxide,,,Mo,,,,O,,,Tb,,"B $\in$ [0.1, 0.5]",Positive B,2.4030177867096723
mp-18525,TbMn2O5,1.8071419371972368,0.6156700944645468,Square-face bicapped trigonal prism,1,4g,1,[2.452483521235399],0.0,2.452483521235399,AB2C5,1,1,1,[8.0],[8.0],8.0,8.0,8.0,8.0,8.0,8.0,3.0,3.0,3.0,1.0,1,1,O2-,"Lanthanides, Nonmetals, Transition Metals",r2SCAN,Mn-O-Tb,0.0,-2.650917842503593,1.1663,3,Orthorhombic,mmm,Pbam,oxide,,,Mn,,,,O,,,Tb,,"B $\in$ [0.5, 1]",Positive B,2.3855297364545986
mp-18538,TbCu(WO4)2,2.5328271210099738,-0.0878014363751006,Square antiprism,1,2i,1,[2.948756044669427],0.0,2.948756044669427,ABC2D8,1,1,1,[8.0],[8.0],8.0,8.0,8.0,8.0,8.0,8.0,3.0,3.0,3.0,1.0,1,1,O2-,"Lanthanides, Nonmetals, Transition Metals",GGA_U,Cu-O-Tb-W,0.049170954322923,-2.371085475555555,1.493399999999999,4,Triclinic,-1,P-1,oxide,,,"Cu, W",,,,"C, O",,,Tb,,"B $\in$ [-0.1, 0.1]",B $\approx$ 0,2.4216810035914977
mp-19200,Tb2Mo2O7,1.7996398056155,0.6167810962631372,Cube,1,4d,1,[1.512680400936716],0.0,1.512680400936716,A2B2C7,1,1,1,[8.0],[8.0],8.0,8.0,8.0,8.0,8.0,8.0,3.0,3.0,3.0,1.0,1,1,O2-,"Lanthanides, Nonmetals, Transition Metals",r2SCAN,Mo-O-Tb,0.001834895340902,-2.910913877121213,0.0,3,Cubic,m-3m,Fd-3m,oxide,,,Mo,,,,O,,,Tb,,"B $\in$ [0.5, 1]",Positive B,2.414719942029192
mp-19802,TbCoO3,1.2746377929326556,1.2343484438000396,Square-face bicapped trigonal prism,1,4c,1,[1.8046713697056],0.0,1.8046713697056,ABC3,1,1,1,[8.0],[8.0],8.0,8.0,8.0,8.0,8.0,8.0,3.0,3.0,3.0,1.0,1,1,O2-,"Lanthanides, Nonmetals, Transition Metals",r2SCAN,Co-O-Tb,0.0,-2.622154927833276,1.4208999999999992,3,Orthorhombic,mmm,Pnma,oxide,,,Co,,,,"C, O",,,Tb,,B > 1,Positive B,2.385503421428051
mp-19853,TbFeO3,0.8934546312789884,1.72379238075558,Square-face bicapped trigonal prism,1,4c,1,[1.601385209265622],0.0,1.601385209265622,ABC3,1,1,1,[8.0],[8.0],8.0,8.0,8.0,8.0,8.0,8.0,3.0,3.0,3.0,1.0,1,1,O2-,"Halogens, Lanthanides, Nonmetals, Transition Metals",r2SCAN,Fe-O-Tb,6.255587500092474e-05,-2.844573657333333,1.6263,3,Orthorhombic,mmm,Pnma,oxide,,,Fe,,,,O,F,,Tb,,B > 1,Positive B,2.4380555090733003
mp-22055,TbMnO3,1.0885476486564412,1.5043731732007153,Square-face bicapped trigonal prism,1,4c,1,[1.765967923044942],0.0,1.765967923044942,ABC3,1,1,1,[8.0],[8.0],8.0,8.0,8.0,8.0,8.0,8.0,3.0,3.0,3.0,1.0,1,1,O2-,"Lanthanides, Nonmetals, Transition Metals",r2SCAN,Mn-O-Tb,0.0,-3.03061692641954,0.4016,3,Orthorhombic,mmm,Pnma,oxide,,,Mn,,,,O,,,Tb,,B > 1,Positive B,2.4344816466541745
mp-2230949,Tb5Mg(MoO6)2,2.175475031492404,0.3032035212733812,"Square-face capped trigonal prism, Octahedron",2,"2i, 1c",2,"[1.293968565842049, 3.257827456607288, 0.040220017746594006]",0.0,1.5306720133986438,AB2C5D12,2,2,2,"[7.0, 6.0]","[7.0, 6.0]",6.5,6.0,7.0,6.5,6.0,7.0,3.5,3.0,4.0,1.0,1,1,O2-,"Alkaline Earth Metals, Lanthanides, Nonmetals, Transition Metals",GGA_U,Mg-Mo-O-Tb,0.035358164906245,-3.287994159916666,0.759599999999999,4,Monoclinic,2/m,C2/m,oxide,,Mg,Mo,,,,O,,,Tb,,"B $\in$ [0.1, 0.5]",Positive B,2.349528624302151
mp-2457,Tb2O3,1.9314482236825417,0.5626737342056696,"Octahedron, Square-face capped trigonal prism",2,2i,1,"[1.444059159179902, 2.353267684251054, 1.8062694934844572]",0.0,1.867865445638471,A2B3,2,2,1,"[6.0, 7.0]","[6.0, 7.0]",6.5,6.0,7.0,6.5,6.0,7.0,3.0,3.0,3.0,1.0,1,1,O2-,"Lanthanides, Nonmetals",r2SCAN,O-Tb,0.024932322333331,-3.881363492666668,3.940699999999999,2,Monoclinic,2/m,C2/m,oxide,,,,,,,O,,,Tb,,"B $\in$ [0.5, 1]",Positive B,2.3589128875364396
mp-2750891,Tb3PO7,2.1374234848446294,0.2519556675748903,"Square antiprism, Square-face capped trigonal prism, Trigonal prism",3,"4j, 2h",2,"[1.132254149969101, 1.963703893518347, 2.394774082586673, 2.549194543131722, 2.3908580100714]",0.0,2.0861569358554486,AB3C7,3,2,1,"[6.0, 7.0]","[6.0, 7.0]",6.5,6.0,7.0,6.5,6.0,7.0,3.0,3.0,3.0,1.0,1,1,O2-,"Lanthanides, Nonmetals",r2SCAN,O-P-Tb,0.0,-3.604985542997834,4.531499999999999,3,Monoclinic,2/m,C2/m,oxide,,,,,,,"O, P",,,Tb,,"B $\in$ [0.1, 0.5]",Positive B,2.328432045284595
mp-29945,Tb2Mo4O15,2.21388975072584,0.1145922364493337,Square-face capped trigonal prism,1,4e,1,[2.404914560749883],0.0,2.404914560749883,A2B4C15,1,1,1,[7.0],[7.0],7.0,7.0,7.0,7.0,7.0,7.0,3.0,3.0,3.0,1.0,1,1,O2-,"Lanthanides, Nonmetals, Transition Metals",r2SCAN,Mo-O-Tb,0.0,-2.521284601587301,3.3306,3,Monoclinic,2/m,P2_1/c,oxide,,,Mo,,,,O,,,Tb,,"B $\in$ [0.1, 0.5]",Positive B,2.3132373213717807
mp-30313,Tb2Se2O7,1.9036588786339568,0.4932720762311892,Square antiprism,1,8g,1,[1.690898123417619],0.0,1.690898123417619,A2B2C7,1,1,1,[8.0],[8.0],8.0,8.0,8.0,8.0,8.0,8.0,3.0,3.0,3.0,1.0,1,1,O2-,"Lanthanides, Nonmetals",r2SCAN,O-Se-Tb,0.0,-2.593688187092802,3.3263,3,Tetragonal,4/mmm,P4_2/ncm,oxide,,,,,,,"O, S, Se",,,Tb,,"B $\in$ [0.1, 0.5]",Positive B,2.3890105649492
mp-30537,TbP5O14,2.1850436568077853,0.1921290927915644,Square antiprism,1,4e,1,[0.320011950442456],0.0,0.320011950442456,AB5C14,1,1,1,[8.0],[8.0],8.0,8.0,8.0,8.0,8.0,8.0,3.0,3.0,3.0,1.0,1,1,O2-,"Lanthanides, Nonmetals",r2SCAN,O-P-Tb,0.0,-2.822881313869047,5.572999999999999,3,Monoclinic,2/m,P2_1/c,oxide,,,,,,,"O, P",,,Tb,,"B $\in$ [0.1, 0.5]",Positive B,2.374901998358368
mp-30948,Tb(IO3)3,2.3569364333518648,0.009924520008128,Square-face bicapped trigonal prism,1,4e,1,[1.455430726184031],0.0,1.455430726184031,AB3C9,1,1,1,[8.0],[8.0],8.0,8.0,8.0,8.0,8.0,8.0,3.0,3.0,3.0,1.0,1,1,O2-,"Halogens, Lanthanides, Nonmetals",SCAN,I-O-Tb,0.011002281153846,-1.10645345576923,3.5406,3,Monoclinic,2/m,P2_1/c,iodate,,,,,,,O,I,,Tb,,"B $\in$ [-0.1, 0.1]",B $\approx$ 0,2.3668288027926128
mp-31102,Tb3ReO7,1.7984611930850825,0.6968739601488915,"Cube, Pentagonal bipyramid",2,"4g, 2b",2,"[0.729634020839349, 2.709346657285473]",0.0,1.719490339062411,AB3C7,2,2,1,"[7.0, 8.0]","[7.0, 8.0]",7.5,7.0,8.0,7.5,7.0,8.0,3.0,3.0,3.0,1.0,1,1,O2-,"Lanthanides, Nonmetals, Transition Metals",GGA,O-Re-Tb,0.047271599772736,-3.344088259318181,0.0,3,Orthorhombic,mmm,Cmcm,oxide,,,Re,,,,O,,,Tb,,"B $\in$ [0.5, 1]",Positive B,2.4186945810701306
mp-31112,Tb3GaO6,1.81164753459618,0.6548769269793884,Square-face capped trigonal prism,1,"4b, 2a",2,"[3.583443041375927, 2.367534392870485]",0.0,2.975488717123206,AB3C6,1,1,1,[7.0],[7.0],7.0,7.0,7.0,7.0,7.0,7.0,3.0,3.0,3.0,1.0,1,1,O2-,"Lanthanides, Nonmetals, Post-Transition Metals",r2SCAN,Ga-O-Tb,0.0,-3.4837454135,3.605399999999999,3,Orthorhombic,mm2,Cmc2_1,oxide,,,,,Ga,,O,,,Tb,,"B $\in$ [0.5, 1]",Positive B,2.362369071423805
mp-31119,TbScO3,0.3861947214326882,2.3843912267501945,Square-face bicapped trigonal prism,1,4c,1,[1.9589295893548502],0.0,1.9589295893548502,ABC3,1,1,1,[8.0],[8.0],8.0,8.0,8.0,8.0,8.0,8.0,3.0,3.0,3.0,1.0,1,1,O2-,"Lanthanides, Nonmetals, Transition Metals",r2SCAN,O-Sc-Tb,0.000634318875,-3.881305531499998,4.4378,3,Orthorhombic,mmm,Pnma,oxide,,,Sc,,,,"O, S",,,Tb,,B > 1,Positive B,2.4928564235219777
mp-3114,Tb2(MoO4)3,2.04697688672734,0.3534238767679632,Square-face capped trigonal prism,1,4c,1,"[3.049753756167376, 3.058194702895657]",0.0,3.0539742295315166,A2B3C12,1,1,1,[7.0],[7.0],7.0,7.0,7.0,7.0,7.0,7.0,3.0,3.0,3.0,1.0,1,1,O2-,"Lanthanides, Nonmetals, Transition Metals",GGA_U,Mo-O-Tb,0.0,-2.656939632107843,3.3639,3,Orthorhombic,mm2,Pba2,oxide,,,Mo,,,,O,,,Tb,,"B $\in$ [0.1, 0.5]",Positive B,2.3483448252580694
mp-31245,Tb2Te4O11,2.2704210689229254,0.1416312332002209,Square-face bicapped trigonal prism,1,4f,1,[1.576880581383381],0.0,1.576880581383381,A2B4C11,1,1,1,[8.0],[8.0],8.0,8.0,8.0,8.0,8.0,8.0,3.0,3.0,3.0,1.0,1,1,O2-,"Lanthanides, Metalloids, Nonmetals",r2SCAN,O-Tb-Te,0.0,-2.30415422764707,3.2498,3,Monoclinic,2/m,C2/c,oxide,,,,,,Te,O,,,Tb,,"B $\in$ [0.1, 0.5]",Positive B,2.3863360113423395
mp-4434,TbAlO3,1.430619300748665,1.115831151905727,Square-face bicapped trigonal prism,1,4c,1,[2.754421560882705],0.0,2.754421560882705,ABC3,1,1,1,[8.0],[8.0],8.0,8.0,8.0,8.0,8.0,8.0,3.0,3.0,3.0,1.0,1,1,O2-,"Lanthanides, Nonmetals, Post-Transition Metals",r2SCAN,Al-O-Tb,0.009000524749999,-3.739704172833333,5.598200000000001,3,Orthorhombic,mmm,Pnma,oxide,,,,,Al,,O,,,Tb,,B > 1,Positive B,2.4167381712589084
mp-4602,Tb2Ti2O7,1.6884188472982853,0.7262411465809648,Cube,1,4d,1,[2.043556489506287],0.0,2.043556489506287,A2B2C7,1,1,1,[8.0],[8.0],8.0,8.0,8.0,8.0,8.0,8.0,3.0,3.0,3.0,1.0,1,1,O2-,"Lanthanides, Nonmetals, Transition Metals",r2SCAN,O-Tb-Ti,0.010504636590896,-3.665801734848483,2.7256,3,Cubic,m-3m,Fd-3m,oxide,,,Ti,,,,O,,,Tb,,"B $\in$ [0.5, 1]",Positive B,2.4126608574865136
mp-4991,Tb2Sn2O7,1.8355754833695688,0.6072535176546988,Cube,1,4c,1,[1.440637392121515],0.0,1.440637392121515,A2B2C7,1,1,1,[8.0],[8.0],8.0,8.0,8.0,8.0,8.0,8.0,3.0,3.0,3.0,1.0,1,1,O2-,"Lanthanides, Nonmetals, Post-Transition Metals",r2SCAN,O-Sn-Tb,0.0,-3.026676199848483,2.7218,3,Cubic,m-3m,Fd-3m,oxide,,,,,Sn,,"O, S",,,Tb,,"B $\in$ [0.5, 1]",Positive B,2.441154499205263
mp-540740,SrTb2Fe2O7,2.0586190377213534,0.4285320217886476,Square-face capped trigonal prism,1,8j,1,[3.613772998654357],0.0,3.613772998654357,AB2C2D7,1,1,1,[7.0],[7.0],7.0,7.0,7.0,7.0,7.0,7.0,3.0,3.0,3.0,1.0,1,1,O2-,"Alkaline Earth Metals, Halogens, Lanthanides, Nonmetals, Transition Metals",GGA_U,Fe-O-Sr-Tb,0.014154409166662,-2.898120952777777,1.1701,4,Tetragonal,4/mmm,P4_2/mnm,oxide,,Sr,Fe,,,,"O, S",F,,Tb,,"B $\in$ [0.1, 0.5]",Positive B,2.3892889801834474
mp-554136,BaTb2Mn2O7,2.956155919681474,-0.5428357880362678,Square-face capped trigonal prism,1,4j,1,[2.848293370301736],0.0,2.848293370301736,AB2C2D7,1,1,1,[7.0],[7.0],7.0,7.0,7.0,7.0,7.0,7.0,3.0,3.0,3.0,1.0,1,1,O2-,"Alkaline Earth Metals, Lanthanides, Metalloids, Nonmetals, Transition Metals",GGA_U,Ba-Mn-O-Tb,0.021537956423649,-3.013942816182949,0.6727999999999991,4,Monoclinic,2/m,C2/m,oxide,,Ba,Mn,,,B,O,,,Tb,,"B $\in$ [-1, -0.1]",Negative B,2.407779799650332
mp-554593,TbTaO4,2.272430842703945,0.1379177095549724,Square antiprism,1,2e,1,[2.431918358259897],0.0,2.431918358259897,ABC4,1,1,1,[8.0],[8.0],8.0,8.0,8.0,8.0,8.0,8.0,3.0,3.0,3.0,1.0,1,1,O2-,"Lanthanides, Nonmetals, Transition Metals",r2SCAN,O-Ta-Tb,0.004155295833317,-3.581406502055557,4.1244,3,Monoclinic,2/m,C2/c,oxide,,,Ta,,,,O,,,Tb,,"B $\in$ [0.1, 0.5]",Positive B,2.3714794638121686
mp-554811,TbVO3,1.014933329729185,1.5843141021873428,Square-face bicapped trigonal prism,1,4c,1,[1.608637040840157],0.0,1.608637040840157,ABC3,1,1,1,[8.0],[8.0],8.0,8.0,8.0,8.0,8.0,8.0,3.0,3.0,3.0,1.0,1,1,O2-,"Lanthanides, Nonmetals, Transition Metals",r2SCAN,O-Tb-V,0.0,-3.291628755333334,1.439599999999999,3,Orthorhombic,mmm,Pnma,oxide,,,V,,,,O,,,Tb,,B > 1,Positive B,2.4323905624009274
mp-554903,TbSeClO3,1.9765825251360285,0.4169766588491949,Pentagonal bipyramid,1,4c,1,[1.453251038383108],0.0,1.453251038383108,ABCD3,1,1,1,[7.0],[5.0],7.0,7.0,7.0,5.0,5.0,5.0,3.0,3.0,3.0,2.0,2,2,"Cl-, O2-","Halogens, Lanthanides, Nonmetals",GGA,Cl-O-Se-Tb,0.0,-2.486383226501735,4.386799999999999,4,Orthorhombic,mmm,Pnma,chlorate,,,,,,,"C, O, S, Se",Cl,,Tb,,"B $\in$ [0.1, 0.5]",Positive B,2.3289211329790276
mp-555097,Tb3Si2Cl5O6,1.8409703115604048,0.5900437353101684,"Hexagonal bipyramid, Pentagonal bipyramid",2,"4j, 2e",2,"[0.778699999728053, 1.260072164560309]",0.0,1.0193860821441811,A2B3C5D6,2,2,1,"[7.0, 8.0]","[2.0, 6.0]",7.5,7.0,8.0,4.0,2.0,6.0,3.0,3.0,3.0,2.0,2,2,"Cl-, O2-","Halogens, Lanthanides, Metalloids, Nonmetals",GGA,Cl-O-Si-Tb,0.0,-3.231703675,4.689599999999999,4,Monoclinic,2/m,C2/m,oxide,,,,,,Si,"C, O, S",Cl,,Tb,,"B $\in$ [0.5, 1]",Positive B,2.4226353953466075
mp-555494,NaTbMnWO6,3.473412415938506,-1.0299771055879483,Square-face bicapped trigonal prism,1,2a,1,[1.920294370742505],0.0,1.920294370742505,ABCDE6,1,1,1,[8.0],[8.0],8.0,8.0,8.0,8.0,8.0,8.0,3.0,3.0,3.0,1.0,1,1,O2-,"Alkali Metals, Lanthanides, Nonmetals, Transition Metals",GGA_U,Mn-Na-O-Tb-W,0.0,-2.6879429475977,2.2708,5,Monoclinic,2,P2_1,oxide,Na,,"Mn, W",,,,"N, O",,,Tb,,B < -1,Negative B,2.4239003374515207
mp-555727,RbTb(PO3)4,2.0991664938607326,0.2988805172097465,Square antiprism,1,4e,1,[0.40560566488389205],0.0,0.40560566488389205,ABC4D12,1,1,1,[8.0],[8.0],8.0,8.0,8.0,8.0,8.0,8.0,3.0,3.0,3.0,1.0,1,1,O2-,"Alkali Metals, Lanthanides, Nonmetals",GGA,O-P-Rb-Tb,0.0,-2.922630473763226,5.5062000000000015,4,Monoclinic,2/m,P2_1/c,phosphite,Rb,,,,,,"O, P",,,Tb,,"B $\in$ [0.1, 0.5]",Positive B,2.393979849051499
mp-555909,Tb5Se2Cl3O10,2.0728605670732625,0.3037618973018693,"Cube, Face-capped octahedron, Trigonal prism",3,"2i, 1b",2,"[5.526589257204097, 2.202598500620701, 0.33376361281715805]",0.333,2.687650456880652,A2B3C5D10,3,3,1,"[8.0, 7.0, 8.0]","[5.0, 6.0, 8.0]",7.666666666666667,7.0,8.0,6.333333333333333,5.0,8.0,3.0,3.0,3.0,1.6666666666666667,1,2,"Cl-, O2-","Halogens, Lanthanides, Nonmetals",GGA,Cl-O-Se-Tb,0.0,-3.02909966740104,3.7466,4,Monoclinic,2/m,C2/m,oxide,,,,,,,"C, O, S, Se",Cl,,Tb,,"B $\in$ [0.1, 0.5]",Positive B,2.371186851885653
mp-556675,Rb2Li14Tb3O14,1.8208773022198472,1.1319989358479077,Octahedron,1,"1a, 2i",2,"[0.333286329000387, 0.5213752613055961]",0.0,0.42733079515299155,A2B3C14D14,1,1,1,[6.0],[6.0],6.0,6.0,6.0,6.0,6.0,6.0,4.0,4.0,4.0,1.0,1,1,O2-,"Alkali Metals, Lanthanides, Nonmetals",GGA,Li-O-Rb-Tb,0.042505566363636,-2.333967181868686,0.0,4,Orthorhombic,mmm,Immm,oxide,"Li, Rb",,,,,,O,,,Tb,,B > 1,Positive B,2.287730493859727
mp-556920,Tb9(SbO)5,2.219515938283604,0.174985881407402,"See-saw, Octahedron",2,"8g, 2c",2,"[1.961968904568436, 1.381701433735856, 3.474618840186146]",0.0,2.2727630594968127,A5B5C9,2,3,2,"[6.0, 6.0, 6.0]","[4.0, 1.0, 1.0]",6.0,6.0,6.0,2.0,1.0,4.0,2.333333333333333,2.0,3.0,2.6666666666666665,2,3,"Sb2-, Sb-, O2-","Lanthanides, Metalloids, Nonmetals",r2SCAN,O-Sb-Tb,0.0,-2.471698520263158,0.0,3,Tetragonal,4/m,P4/n,oxide,,,,,,Sb,"O, S",,,Tb,,"B $\in$ [0.1, 0.5]",Positive B,2.3126627532022583
mp-557110,Tb3BWO9,1.508416403070596,1.0619550823409198,Dodecahedron with triangular faces - p2345 plane normalized,1,6c,1,[2.496095348948902],0.0,2.496095348948902,ABC3D9,1,1,1,[8.0],[8.0],8.0,8.0,8.0,8.0,8.0,8.0,3.0,3.0,3.0,1.0,1,1,O2-,"Lanthanides, Metalloids, Nonmetals, Transition Metals",GGA_U,B-O-Tb-W,0.0,-3.382038129583333,3.8011,4,Hexagonal,6,P6_3,oxide,,,W,,,B,O,,,Tb,,B > 1,Positive B,2.4306188582274526
mp-558223,TbMoClO4,1.7374070536665904,0.7092723903589027,Dodecahedron with triangular faces - p2345 plane normalized,1,2i,1,[0.781623027086892],0.0,0.781623027086892,ABCD4,1,1,1,[8.0],[6.0],8.0,8.0,8.0,6.0,6.0,6.0,3.0,3.0,3.0,2.0,2,2,"Cl-, O2-","Halogens, Lanthanides, Nonmetals, Transition Metals",GGA_U,Cl-Mo-O-Tb,0.0,-2.689001928095238,2.748,4,Monoclinic,2/m,C2/m,perchlorate,,,Mo,,,,"C, O",Cl,,Tb,,"B $\in$ [0.5, 1]",Positive B,2.428238586257983
mp-558318,Rb2TbGa(SiO3)4,1.578278677616877,1.0096848489818548,Pentagonal bipyramid,1,4f,1,[1.018670434518566],0.0,1.018670434518566,ABC2D4E12,1,1,1,[7.0],[7.0],7.0,7.0,7.0,7.0,7.0,7.0,3.0,3.0,3.0,1.0,1,1,O2-,"Alkali Metals, Lanthanides, Metalloids, Nonmetals, Post-Transition Metals",GGA,Ga-O-Rb-Si-Tb,0.0,-3.141671946583334,4.1811,5,Monoclinic,2/m,C2/c,oxide,Rb,,,,Ga,Si,"O, S",,,Tb,,B > 1,Positive B,2.4074430878989994
mp-558490,Tb3Se2ClO8,1.87402972466551,0.5820971455211964,"Square antiprism, Square-face capped trigonal prism",2,"8d, 4c",2,"[2.323404293714202, 2.5383019692155733]",0.0,2.430853131464888,AB2C3D8,2,2,1,"[7.0, 8.0]","[6.0, 7.0]",7.5,7.0,8.0,6.5,6.0,7.0,3.0,3.0,3.0,2.0,2,2,"Cl-, O2-","Halogens, Lanthanides, Nonmetals",GGA,Cl-O-Se-Tb,0.0,-2.815241724441964,4.086,4,Orthorhombic,mmm,Pnma,hypochlorite,,,,,,,"C, O, S, Se",Cl,,Tb,,"B $\in$ [0.5, 1]",Positive B,2.3889163679544474
mp-558923,KTbCr2O8,2.143963053193154,0.2537474898190596,Square antiprism,1,4a,1,[0.9995043975611171],0.0,0.9995043975611171,ABC2D8,1,1,1,[8.0],[8.0],8.0,8.0,8.0,8.0,8.0,8.0,3.0,3.0,3.0,1.0,1,1,O2-,"Alkali Metals, Lanthanides, Nonmetals, Transition Metals",GGA_U,Cr-K-O-Tb,0.0,-2.337311183659722,2.7243,4,Orthorhombic,222,P2_12_12_1,oxide,K,,Cr,,,,"C, O",,,Tb,,"B $\in$ [0.1, 0.5]",Positive B,2.3999251512566904
mp-559111,Na2TbMoPO8,2.0045475035302736,0.4083925391333462,Dodecahedron with triangular faces - p2345 plane normalized,1,4d,1,[0.47942241854434103],0.0,0.47942241854434103,ABCD2E8,1,1,1,[8.0],[8.0],8.0,8.0,8.0,8.0,8.0,8.0,3.0,3.0,3.0,1.0,1,1,O2-,"Alkali Metals, Lanthanides, Nonmetals, Transition Metals",GGA_U,Mo-Na-O-P-Tb,0.004318750192306,-2.768725618966781,4.2208,5,Orthorhombic,mmm,Ibca,oxide,Na,,Mo,,,,"N, O, P",,,Tb,,"B $\in$ [0.1, 0.5]",Positive B,2.384698870978985
mp-559434,Tb(BO2)3,2.458873884416422,-0.0160987956282578,Dodecahedron with triangular faces - p2345 plane normalized,1,4c,1,[2.50178378870898],0.0,2.50178378870898,AB3C6,1,1,1,[8.0],[8.0],8.0,8.0,8.0,8.0,8.0,8.0,3.0,3.0,3.0,1.0,1,1,O2-,"Lanthanides, Metalloids, Nonmetals",GGA,B-O-Tb,0.024889964749998,-3.172381031916666,5.2478,3,Orthorhombic,mmm,Pbcn,metaborate,,,,,,B,O,,,Tb,,"B $\in$ [-0.1, 0.1]",B $\approx$ 0,2.4228998598293803
mp-559927,Tb2Cu(BO2)8,2.0304724267554817,0.3824470679135673,Dodecahedron with triangular faces - p2345 plane normalized,1,4e,1,[2.1384352074235142],0.0,2.1384352074235142,AB2C8D16,1,1,1,[8.0],[8.0],8.0,8.0,8.0,8.0,8.0,8.0,3.0,3.0,3.0,1.0,1,1,O2-,"Lanthanides, Metalloids, Nonmetals, Transition Metals",GGA,B-Cu-O-Tb,0.018028212530865,-2.9447367739506163,1.0489,4,Monoclinic,2/m,P2_1/c,metaborate,,,Cu,,,B,"C, O",,,Tb,,"B $\in$ [0.1, 0.5]",Positive B,2.414594166460713
mp-561387,TbMoO4F,2.201573848175893,0.189875060211406,Square antiprism,1,4e,1,[1.683977648576855],0.0,1.683977648576855,ABCD4,1,1,1,[8.0],[6.0],8.0,8.0,8.0,6.0,6.0,6.0,3.0,3.0,3.0,2.0,2,2,"F-, O2-","Halogens, Lanthanides, Nonmetals, Transition Metals",GGA_U,F-Mo-O-Tb,0.003537383333332,-2.99779725702381,3.7732,4,Monoclinic,2/m,P2_1/c,fluoride,,,Mo,,,,O,F,,Tb,,"B $\in$ [0.1, 0.5]",Positive B,2.4017440279694307
mp-5692,TbRhO3,0.8659794757390834,1.727461609152456,Square-face bicapped trigonal prism,1,4c,1,[1.021775439865056],0.0,1.021775439865056,ABC3,1,1,1,[8.0],[8.0],8.0,8.0,8.0,8.0,8.0,8.0,3.0,3.0,3.0,1.0,1,1,O2-,"Lanthanides, Nonmetals, Transition Metals",r2SCAN,O-Rh-Tb,0.0,-2.575770184833334,0.8749000000000001,3,Orthorhombic,mmm,Pnma,oxide,,,Rh,,,,O,,,Tb,,B > 1,Positive B,2.4176772383798726
mp-573037,Tb2MnNiO6,1.0151844534860466,1.5872932960588306,Square-face bicapped trigonal prism,1,4e,1,[1.7544085895629271],0.0,1.7544085895629271,ABC2D6,1,1,1,[8.0],[8.0],8.0,8.0,8.0,8.0,8.0,8.0,3.0,3.0,3.0,1.0,1,1,O2-,"Lanthanides, Nonmetals, Transition Metals",GGA_U,Mn-Ni-O-Tb,0.0,-2.850117359626436,1.8813,4,Monoclinic,2/m,P2_1/c,oxide,,,"Mn, Ni",,,,"N, O",,,Tb,,B > 1,Positive B,2.4412533095926072
mp-6068,Sr2TbRuO6,2.228336764551716,0.0369694209391061,Octahedron,1,2d,1,[0.029896109256394004],0.0,0.029896109256394004,ABC2D6,1,1,1,[6.0],[6.0],6.0,6.0,6.0,6.0,6.0,6.0,3.0,3.0,3.0,1.0,1,1,O2-,"Alkaline Earth Metals, Lanthanides, Nonmetals, Transition Metals",GGA,O-Ru-Sr-Tb,0.0,-2.848211676666666,0.187899999999999,4,Monoclinic,2/m,P2_1/c,oxide,,Sr,Ru,,,,"O, S",,,Tb,,"B $\in$ [-0.1, 0.1]",B $\approx$ 0,2.254018524843685
mp-6362,Sr2TbIrO6,2.216725900212643,0.0410784902364287,Octahedron,1,2d,1,[0.0235201723763],0.0,0.0235201723763,ABC2D6,1,1,1,[6.0],[6.0],6.0,6.0,6.0,6.0,6.0,6.0,3.0,3.0,3.0,1.0,1,1,O2-,"Alkaline Earth Metals, Halogens, Lanthanides, Nonmetals, Transition Metals",GGA,Ir-O-Sr-Tb,0.0,-2.772697121166666,0.0,4,Monoclinic,2/m,P2_1/c,oxide,,Sr,Ir,,,,"O, S",I,,Tb,,"B $\in$ [-0.1, 0.1]",B $\approx$ 0,2.2452608362608553
mp-677244,Tb5(RuO6)2,2.2895407509678662,0.0741450613694304,"Square-face capped trigonal prism, Octahedron",2,"1a, 2i",2,"[2.70567576272141, 2.266235403458464, 0.8664591887454981]",0.0,1.9461234516417907,A2B5C12,2,2,2,"[7.0, 6.0]","[7.0, 6.0]",6.5,6.0,7.0,6.5,6.0,7.0,3.5,3.0,4.0,1.0,1,1,O2-,"Lanthanides, Nonmetals, Transition Metals",r2SCAN,O-Ru-Tb,0.0,-3.128271257017484,0.0,3,Monoclinic,2/m,C2/m,oxide,,,Ru,,,,O,,,Tb,,"B $\in$ [-0.1, 0.1]",B $\approx$ 0,2.3284944590961043
mp-677468,Ba16Tb8Nb5(SnO16)3,2.220284352551088,0.052861434423674,Octahedron,1,"1a, 1b",2,"[0.031532012625741006, 0.0005555340882390001, 0.009214945263428, 0.017011166745885, 0.011507531617297001, 0.032178346167872005, 0.038452941375422, 0.045055632097597005]",0.0,0.02318851374768513,A3B5C8D16E48,1,2,2,"[6.0, 6.0]","[6.0, 6.0]",6.0,6.0,6.0,6.0,6.0,6.0,3.5,3.0,4.0,1.0,1,1,O2-,"Alkaline Earth Metals, Lanthanides, Metalloids, Nonmetals, Post-Transition Metals, Transition Metals",GGA,Ba-Nb-O-Sn-Tb,0.012273159257821,-3.240821496354166,0.0,5,Tetragonal,4,P4,oxide,,Ba,Nb,,Sn,B,"N, O, S",,,Tb,,"B $\in$ [-0.1, 0.1]",B $\approx$ 0,2.2535518201944855
mp-683867,Tb(BO2)3,1.935282926466512,0.5180090676532129,"Square antiprism, Square-face bicapped trigonal prism, Bicapped octahedron (cap faces with one atom in common)",3,4c,1,"[2.559976299107941, 2.721523157101838, 3.426060561678869, 6.7041564003462195]",0.25,3.852929104558717,AB3C6,3,1,1,[8.0],[8.0],8.0,8.0,8.0,8.0,8.0,8.0,3.0,3.0,3.0,1.0,1,1,O2-,"Lanthanides, Metalloids, Nonmetals",GGA,B-O-Tb,0.0,-3.197270996666665,5.582699999999999,3,Orthorhombic,mmm,Pnma,metaborate,,,,,,B,O,,,Tb,,"B $\in$ [0.5, 1]",Positive B,2.4353458029318644
mp-699636,KTb2Cu(MoO4)4,2.17079890111827,0.2668317743077699,Dodecahedron with triangular faces - p2345 plane normalized,1,4f,1,[2.234245807797382],0.0,2.234245807797382,ABC2D4E16,1,1,1,[8.0],[8.0],8.0,8.0,8.0,8.0,8.0,8.0,3.0,3.0,3.0,1.0,1,1,O2-,"Alkali Metals, Lanthanides, Nonmetals, Transition Metals",GGA_U,Cu-K-Mo-O-Tb,0.026760860260404,-2.392738386274306,1.1823,5,Monoclinic,2/m,C2/c,oxide,K,,"Cu, Mo",,,,"C, O",,,Tb,,"B $\in$ [0.1, 0.5]",Positive B,2.414671538220863
mp-7137,LiTbO2,1.745291204962076,0.8337777393419248,Octahedron,1,4c,1,[0.5632430293116211],0.0,0.5632430293116211,ABC2,1,1,1,[6.0],[6.0],6.0,6.0,6.0,6.0,6.0,6.0,3.0,3.0,3.0,1.0,1,1,O2-,"Alkali Metals, Lanthanides, Nonmetals",r2SCAN,Li-O-Tb,0.0,-3.270821998749999,4.5467,3,Orthorhombic,mmm,Pnma,oxide,Li,,,,,,O,,,Tb,,"B $\in$ [0.5, 1]",Positive B,2.3049449885516413
mp-744184,TbFeGe2O7,1.6959781186994274,0.9020008673730942,Square antiprism,1,2g,1,[3.835337227914213],0.0,3.835337227914213,ABC2D7,1,1,1,[6.0],[6.0],6.0,6.0,6.0,6.0,6.0,6.0,3.0,3.0,3.0,1.0,1,1,O2-,"Halogens, Lanthanides, Metalloids, Nonmetals, Transition Metals",GGA_U,Fe-Ge-O-Tb,0.025664414659091,-2.477635888333332,2.6695,4,Monoclinic,2/m,C2/m,oxide,,,Fe,,,Ge,O,F,,Tb,,"B $\in$ [0.5, 1]",Positive B,2.3265459576107563
mp-752414,Tb2TiO5,2.3166330940415207,0.0268115816287299,Face-capped octahedron,1,4c,1,"[3.088192618525279, 2.738020103006126]",0.0,2.9131063607657026,AB2C5,1,1,1,[7.0],[7.0],7.0,7.0,7.0,7.0,7.0,7.0,3.0,3.0,3.0,1.0,1,1,O2-,"Lanthanides, Nonmetals, Transition Metals",r2SCAN,O-Tb-Ti,0.0,-3.7661336902083313,3.300899999999999,3,Orthorhombic,mmm,Pnma,oxide,,,Ti,,,,O,,,Tb,,"B $\in$ [-0.1, 0.1]",B $\approx$ 0,2.3418185493156574
mp-754207,Tb2Mn2O7,1.629235556764603,0.7507940705741905,Cube,1,4d,1,[2.228770372843569],0.0,2.228770372843569,A2B2C7,1,1,1,[8.0],[8.0],8.0,8.0,8.0,8.0,8.0,8.0,3.0,3.0,3.0,1.0,1,1,O2-,"Lanthanides, Nonmetals, Transition Metals",r2SCAN,Mn-O-Tb,0.0,-2.882692812199581,1.1024,3,Cubic,m-3m,Fd-3m,oxide,,,Mn,,,,O,,,Tb,,"B $\in$ [0.5, 1]",Positive B,2.377962425011875
mp-754415,Tb3NbO7,2.254030533775578,0.1279083978160088,"Cube, Pentagonal bipyramid",2,"4c, 2a",2,"[3.570932163725573, 1.725615343660882]",0.0,2.6482737536932275,AB3C7,2,2,1,"[6.0, 7.0]","[6.0, 7.0]",6.5,6.0,7.0,6.5,6.0,7.0,3.0,3.0,3.0,1.0,1,1,O2-,"Lanthanides, Nonmetals, Transition Metals",r2SCAN,Nb-O-Tb,0.013128350795458,-3.742577128636361,2.7232000000000003,3,Orthorhombic,222,C222_1,oxide,,,Nb,,,,"N, O",,,Tb,,"B $\in$ [0.1, 0.5]",Positive B,2.3416772758215023
mp-754550,Tb3TaO7,1.9041723979675471,0.5931558105613035,"Cube, Pentagonal bipyramid",2,"4g, 2a",2,"[2.410931563338595, 0.741488268750591]",0.0,1.576209916044593,AB3C7,2,2,1,"[7.0, 8.0]","[7.0, 8.0]",7.5,7.0,8.0,7.5,7.0,8.0,3.0,3.0,3.0,1.0,1,1,O2-,"Lanthanides, Nonmetals, Transition Metals",GGA,O-Ta-Tb,0.022213806363634,-3.724918843393942,3.512299999999999,3,Orthorhombic,mmm,Cmcm,oxide,,,Ta,,,,O,,,Tb,,"B $\in$ [0.5, 1]",Positive B,2.4279297753380096
mp-754768,Tb2Pt2O7,1.8277523654926715,0.5557772138013743,Cube,1,4c,1,[1.279723974523458],0.0,1.279723974523458,A2B2C7,1,1,1,[8.0],[8.0],8.0,8.0,8.0,8.0,8.0,8.0,3.0,3.0,3.0,1.0,1,1,O2-,"Lanthanides, Nonmetals, Transition Metals",r2SCAN,O-Pt-Tb,0.0,-2.266231190909089,1.357899999999999,3,Cubic,m-3m,Fd-3m,oxide,,,Pt,,,,"O, P",,,Tb,,"B $\in$ [0.5, 1]",Positive B,2.382000509079526
mp-755277,Tb3SbO7,1.9872850928947017,0.4844326806948317,"Cube, Pentagonal bipyramid",2,"4c, 2a",2,"[3.785049282021739, 1.20059109340657]",0.0,2.4928201877141545,AB3C7,2,2,1,"[7.0, 8.0]","[7.0, 8.0]",7.5,7.0,8.0,7.5,7.0,8.0,3.0,3.0,3.0,1.0,1,1,O2-,"Lanthanides, Metalloids, Nonmetals",GGA,O-Sb-Tb,6.992045454623508e-05,-3.2939576704545432,3.0124,3,Orthorhombic,222,C222_1,oxide,,,,,,Sb,"O, S",,,Tb,,"B $\in$ [0.1, 0.5]",Positive B,2.4105894526809335
mp-755865,TbNiO3,1.3014852318042285,1.2215449344492917,Square-face bicapped trigonal prism,1,4c,1,[1.7862796231502092],0.0,1.7862796231502092,ABC3,1,1,1,[8.0],[8.0],8.0,8.0,8.0,8.0,8.0,8.0,3.0,3.0,3.0,1.0,1,1,O2-,"Lanthanides, Nonmetals, Transition Metals",r2SCAN,Ni-O-Tb,0.0,-2.493387772333331,0.0,3,Orthorhombic,mmm,Pnma,oxide,,,Ni,,,,"N, O",,,Tb,,B > 1,Positive B,2.400747166469354
mp-756124,TbCrO3,0.9997314120675538,1.5946930705312945,Square-face bicapped trigonal prism,1,4c,1,[1.732398089054875],0.0,1.732398089054875,ABC3,1,1,1,[8.0],[8.0],8.0,8.0,8.0,8.0,8.0,8.0,3.0,3.0,3.0,1.0,1,1,O2-,"Lanthanides, Nonmetals, Transition Metals",r2SCAN,Cr-O-Tb,0.0,-3.214648261833333,2.4854,3,Orthorhombic,mmm,Pnma,oxide,,,Cr,,,,"C, O",,,Tb,,B > 1,Positive B,2.4248444490568613
mp-756135,Tb3NbO7,1.9214398000530817,0.5649774884679695,"Cube, Pentagonal bipyramid",2,"4g, 2a",2,"[2.495502829946048, 0.640716929674713]",0.0,1.5681098798103805,AB3C7,2,2,1,"[7.0, 8.0]","[7.0, 8.0]",7.5,7.0,8.0,7.5,7.0,8.0,3.0,3.0,3.0,1.0,1,1,O2-,"Lanthanides, Nonmetals, Transition Metals",GGA,Nb-O-Tb,0.038543512159094,-3.717161967272726,2.7044,3,Orthorhombic,mmm,Cmcm,oxide,,,Nb,,,,"N, O",,,Tb,,"B $\in$ [0.5, 1]",Positive B,2.4201473459211384
mp-756290,TbGaO3,0.8991756458898621,1.7402087925519616,Square-face bicapped trigonal prism,1,4c,1,[1.810475426276338],0.0,1.810475426276338,ABC3,1,1,1,[8.0],[8.0],8.0,8.0,8.0,8.0,8.0,8.0,3.0,3.0,3.0,1.0,1,1,O2-,"Lanthanides, Nonmetals, Post-Transition Metals",GGA,Ga-O-Tb,0.047180733583333,-3.008169506416664,3.9217999999999993,3,Orthorhombic,mmm,Pnma,oxide,,,,,Ga,,O,,,Tb,,B > 1,Positive B,2.450608324630347
mp-759928,K3TbSi3(HO5)2,2.112467677410185,0.2179550403273172,Octahedron,1,4c,1,[0.284480997621103],0.0,0.284480997621103,AB2C3D3E10,1,1,1,[6.0],[6.0],6.0,6.0,6.0,6.0,6.0,6.0,3.0,3.0,3.0,1.0,1,1,O2-,"Alkali Metals, Lanthanides, Metalloids, Nonmetals",r2SCAN,H-K-O-Si-Tb,0.0,-2.850949327811403,4.8809000000000005,5,Orthorhombic,mmm,Pnma,oxide,K,,,,,Si,"H, O, S",,,Tb,,"B $\in$ [0.1, 0.5]",Positive B,2.2724773882774234
mp-760425,Tb2Zr2O7,1.904589705813568,0.5680069349619588,Cube,1,4c,1,[1.244770641614982],0.0,1.244770641614982,A2B2C7,1,1,1,[8.0],[8.0],8.0,8.0,8.0,8.0,8.0,8.0,3.0,3.0,3.0,1.0,1,1,O2-,"Lanthanides, Nonmetals, Transition Metals",GGA,O-Tb-Zr,0.021954060795454,-3.816447070568182,2.8475,3,Cubic,m-3m,Fd-3m,oxide,,,Zr,,,,O,,,Tb,,"B $\in$ [0.5, 1]",Positive B,2.4710345866810957
mp-767529,Na2TbPCO7,1.910651604327586,0.5780864762240792,Pentagonal bipyramid,1,2e,1,[3.669071792575277],0.0,3.669071792575277,ABCD2E7,1,1,1,[6.0],[6.0],6.0,6.0,6.0,6.0,6.0,6.0,3.0,3.0,3.0,1.0,1,1,O2-,"Alkali Metals, Lanthanides, Nonmetals",GGA,C-Na-O-P-Tb,0.027483025243052,-2.7574786342973443,4.7137,5,Monoclinic,2/m,P2_1/m,oxide,Na,,,,,,"C, N, O, P",,,Tb,,"B $\in$ [0.5, 1]",Positive B,2.311047221447765
mp-768766,Tb3SbO7,1.928056051455028,0.5582596170853266,"Cube, Pentagonal bipyramid",2,"4g, 2a",2,"[2.3642510891933632, 0.8232299533814]",0.0,1.5937405212873816,AB3C7,2,2,1,"[7.0, 8.0]","[7.0, 8.0]",7.5,7.0,8.0,7.5,7.0,8.0,3.0,3.0,3.0,1.0,1,1,O2-,"Lanthanides, Metalloids, Nonmetals",GGA,O-Sb-Tb,0.022460328636359,-3.271567262272728,3.259299999999999,3,Orthorhombic,mmm,Cmcm,oxide,,,,,,Sb,"O, S",,,Tb,,"B $\in$ [0.5, 1]",Positive B,2.423857767525694
mp-768848,Tb2(WO4)3,2.40208473154539,0.0059663813434051,Square-face bicapped trigonal prism,1,4f,1,[2.2383843723318853],0.0,2.2383843723318853,A2B3C12,1,1,1,[8.0],[8.0],8.0,8.0,8.0,8.0,8.0,8.0,3.0,3.0,3.0,1.0,1,1,O2-,"Lanthanides, Nonmetals, Transition Metals",GGA_U,O-Tb-W,0.04534862691176,-2.742251112843137,3.5942,3,Monoclinic,2/m,C2/c,oxide,,,W,,,,O,,,Tb,,"B $\in$ [-0.1, 0.1]",B $\approx$ 0,2.4012950419212533
mp-769211,Tb2Pb2O7,2.006395121463473,0.4445742900478973,Cube,1,4d,1,[0.800509383915455],0.0,0.800509383915455,A2B2C7,1,1,1,[8.0],[8.0],8.0,8.0,8.0,8.0,8.0,8.0,3.0,3.0,3.0,1.0,1,1,O2-,"Lanthanides, Nonmetals, Post-Transition Metals",r2SCAN,O-Pb-Tb,0.0,-2.550893196212119,1.1856,3,Cubic,m-3m,Fd-3m,oxide,,,,,Pb,,"O, P",,,Tb,,"B $\in$ [0.1, 0.5]",Positive B,2.4497445438682575
mp-769953,Tb2Ti2O7,1.90249160492225,0.6271830824979866,Square-face capped trigonal prism,1,8b,1,[3.765754384658581],0.0,3.765754384658581,A2B2C7,1,1,1,[7.0],[7.0],7.0,7.0,7.0,7.0,7.0,7.0,3.0,3.0,3.0,1.0,1,1,O2-,"Lanthanides, Nonmetals, Transition Metals",GGA,O-Tb-Ti,0.019029830909142,-3.657276540530238,3.9035,3,Tetragonal,422,P4_12_12,oxide,,,Ti,,,,O,,,Tb,,"B $\in$ [0.5, 1]",Positive B,2.3694944502164583
mp-770983,Tb2WO6,2.1915708571438426,0.2480311278895982,"Cube, Square antiprism",2,"4f, 2e",2,"[1.200397018987454, 2.883630080241706, 3.170731833908434]",0.0,2.4182529777125312,AB2C6,2,1,1,[8.0],[8.0],8.0,8.0,8.0,8.0,8.0,8.0,3.0,3.0,3.0,1.0,1,1,O2-,"Lanthanides, Nonmetals, Transition Metals",GGA_U,O-Tb-W,0.0468239775,-3.271210547314814,2.977,3,Monoclinic,2/m,C2/c,oxide,,,W,,,,O,,,Tb,,"B $\in$ [0.1, 0.5]",Positive B,2.4199276508194387
mp-771017,Tb2WO6,2.214533950554225,0.1526912937097995,"Cube, Square antiprism, Square-face capped trigonal prism",3,"2f, 4g, 2e",3,"[3.051122673171511, 2.96509502308189, 1.611948326173898]",0.0,2.5427220074757666,AB2C6,3,2,1,"[7.0, 8.0]","[7.0, 8.0]",7.5,7.0,8.0,7.5,7.0,8.0,3.0,3.0,3.0,1.0,1,1,O2-,"Lanthanides, Nonmetals, Transition Metals",r2SCAN,O-Tb-W,0.0,-3.318034524814814,3.649,3,Monoclinic,2/m,P2/c,oxide,,,W,,,,O,,,Tb,,"B $\in$ [0.1, 0.5]",Positive B,2.349980782586967
mp-771033,Tb2WO6,2.106822068611188,0.295876511661377,"Face-capped octahedron, Square-face capped trigonal prism",2,4a,1,"[2.343933898724189, 4.052393457263605]",0.0,3.198163677993897,AB2C6,2,1,1,[7.0],[7.0],7.0,7.0,7.0,7.0,7.0,7.0,3.0,3.0,3.0,1.0,1,1,O2-,"Lanthanides, Nonmetals, Transition Metals",r2SCAN,O-Tb-W,0.013174390555553,-3.30486013425926,3.7885,3,Orthorhombic,222,P2_12_12_1,oxide,,,W,,,,O,,,Tb,,"B $\in$ [0.1, 0.5]",Positive B,2.3420974889412562
mp-771834,Tb3NbO7,2.135604495011066,0.3273732620149011,"Trigonal prism, Pentagonal bipyramid",2,"8d, 4c",2,"[2.8002858675026063, 2.164361676959879]",0.0,2.4823237722312426,AB3C7,2,2,1,"[6.0, 7.0]","[6.0, 7.0]",6.5,6.0,7.0,6.5,6.0,7.0,3.0,3.0,3.0,1.0,1,1,O2-,"Lanthanides, Nonmetals, Transition Metals",GGA,Nb-O-Tb,0.020639702840911,-3.735065776590908,2.8537,3,Orthorhombic,mmm,Pnma,oxide,,,Nb,,,,"N, O",,,Tb,,"B $\in$ [0.1, 0.5]",Positive B,2.373677190611722
mp-778379,Tb2WO6,2.335700133044312,0.0667918322963549,Square-face capped trigonal prism,1,8c,1,"[1.967468253004618, 2.128662244075956]",0.0,2.0480652485402873,AB2C6,1,1,1,[7.0],[7.0],7.0,7.0,7.0,7.0,7.0,7.0,3.0,3.0,3.0,1.0,1,1,O2-,"Lanthanides, Nonmetals, Transition Metals",GGA_U,O-Tb-W,0.014775170277777,-3.303259354537037,3.3154999999999992,3,Orthorhombic,mmm,Pbca,oxide,,,W,,,,O,,,Tb,,"B $\in$ [-0.1, 0.1]",B $\approx$ 0,2.356784178821762
mp-779763,Tb2Ti2O7,2.1910190886246568,0.2069748419861217,"Square-face bicapped trigonal prism, Square-face capped trigonal prism",2,2a,1,"[1.9249429873358521, 2.110348676101881, 5.129498278797565, 2.234835337673335]",0.25,2.8499063199771584,A2B2C7,2,2,1,"[7.0, 8.0]","[7.0, 8.0]",7.5,7.0,8.0,7.5,7.0,8.0,3.0,3.0,3.0,1.0,1,1,O2-,"Lanthanides, Nonmetals, Transition Metals",r2SCAN,O-Tb-Ti,0.0,-3.676306371439393,3.0997,3,Monoclinic,2,P2_1,oxide,,,Ti,,,,O,,,Tb,,"B $\in$ [0.1, 0.5]",Positive B,2.3926757325071355
mp-780453,Tb4Nb4O11,2.0203285939494884,0.4103370757550046,Square-face capped trigonal prism,1,"4g, 4h",2,"[2.855517053462449, 3.153552561117111, 4.272627396819354, 1.534368853525907]",0.0,2.9540164662312054,A4B4C11,1,1,1,[7.0],[7.0],7.0,7.0,7.0,7.0,7.0,7.0,3.0,3.0,3.0,1.0,1,1,O2-,"Lanthanides, Nonmetals, Transition Metals",GGA,Nb-O-Tb,0.033024965197368,-3.26774425482456,0.0,3,Orthorhombic,mmm,Pbam,oxide,,,Nb,,,,"N, O",,,Tb,,"B $\in$ [0.1, 0.5]",Positive B,2.391101071115364
mp-861257,Tb3SbO7,1.8115735386119944,0.652650351775027,"Cube, Square-face capped trigonal prism, Pentagonal bipyramid",3,2i,1,"[3.55861494788279, 1.9191745018977682, 3.546905532359983]",0.0,3.008231660713514,AB3C7,3,2,1,"[7.0, 8.0]","[7.0, 8.0]",7.5,7.0,8.0,7.5,7.0,8.0,3.0,3.0,3.0,1.0,1,1,O2-,"Lanthanides, Metalloids, Nonmetals",r2SCAN,O-Sb-Tb,0.004020443181818,-3.290007147727271,2.963199999999999,3,Triclinic,-1,P-1,oxide,,,,,,Sb,"O, S",,,Tb,,"B $\in$ [0.5, 1]",Positive B,2.3892285909959607
mp-867516,Ba2Tb2Mn4O11,1.820225381674472,0.7440225039775438,Bicapped square prism (adjacent faces),1,4j,1,[1.886156704825905],0.0,1.886156704825905,A2B2C4D11,1,1,1,[9.0],[9.0],9.0,9.0,9.0,9.0,9.0,9.0,3.0,3.0,3.0,1.0,1,1,O2-,"Alkaline Earth Metals, Lanthanides, Metalloids, Nonmetals, Transition Metals",GGA_U,Ba-Mn-O-Tb,0.01132128081141,-2.7750278336872363,0.251399999999999,4,Orthorhombic,mmm,Ibam,oxide,,Ba,Mn,,,B,O,,,Tb,,"B $\in$ [0.5, 1]",Positive B,2.536929910179447
mp-8711,Cs2Li14Tb3O14,1.9233306179510523,0.895751020287489,Octahedron,1,"1a, 2i",2,"[0.39040594130410006, 0.56701578766025]",0.0,0.47871086448217504,A2B3C14D14,1,1,1,[6.0],[6.0],6.0,6.0,6.0,6.0,6.0,6.0,4.0,4.0,4.0,1.0,1,1,O2-,"Alkali Metals, Lanthanides, Nonmetals",GGA,Cs-Li-O-Tb,0.046332279318181,-2.331082058362939,0.0,4,Orthorhombic,mmm,Immm,oxide,"Li, Cs",,,,,,"C, O",,,Tb,,"B $\in$ [0.5, 1]",Positive B,2.2923528470299988
mp-9760,BaTb2PdO5,0.9701268181507456,1.5698445138794352,Square-face bicapped trigonal prism,1,4h,1,[2.721022575297172],0.0,2.721022575297172,ABC2D5,1,1,1,[8.0],[8.0],8.0,8.0,8.0,8.0,8.0,8.0,3.0,3.0,3.0,1.0,1,1,O2-,"Alkaline Earth Metals, Lanthanides, Metalloids, Nonmetals, Transition Metals",GGA,Ba-O-Pd-Tb,0.00438836902778,-3.056340362592593,1.8352,4,Tetragonal,4/mmm,P4/mbm,oxide,,Ba,Pd,,,B,"O, P",,,Tb,,B > 1,Positive B,2.43879239203021
mp-982366,Tb2S2O,2.5786073302847687,-0.4272607206105064,Square-face capped trigonal prism,1,4e,1,"[3.214779430652368, 2.205426070042967]",0.0,2.7101027503476676,AB2C2,1,2,1,"[6.0, 7.0]","[3.0, 1.0]",6.5,6.0,7.0,2.0,1.0,3.0,3.0,3.0,3.0,2.0,2,2,"S2-, O2-","Lanthanides, Nonmetals",r2SCAN,O-S-Tb,0.004699497999965,-2.966684342625001,2.5126,3,Monoclinic,2/m,P2_1/c,oxide,,,,,,,"O, S",,,Tb,,"B $\in$ [-1, -0.1]",Negative B,2.2688938033350583
mp-997499,TbTa3O9,2.471264073099357,0.1791158135834087,Cuboctahedron,1,2c,1,[0.288873493231736],0.0,0.288873493231736,AB3C9,1,1,1,[12.0],[12.0],12.0,12.0,12.0,12.0,12.0,12.0,3.0,3.0,3.0,1.0,1,1,O2-,"Lanthanides, Nonmetals, Transition Metals",GGA,O-Ta-Tb,0.045080886538471,-3.274458700153858,2.3048,3,Monoclinic,2,C2,oxide,,,Ta,,,,O,,,Tb,,"B $\in$ [0.1, 0.5]",Positive B,2.6525255401980345
